name,parent,value
MD6,e1bc,2047
S16CTN,e1bc,562
YNCRC2,7a17,3585
CLIB,18ad,3094
SH,cf0a,3309
UT-BS,c0ad,217
VEN-BS,c0ad,117
YIH-BS,c0ad,114
AS8-BS,c0ad,40
AS4,c0ad,140
AS2,c0ad,375
CREATE,c0ad,2371
AS1,c0ad,148
YNCRC1,0a1a,2993
S11,67ba,3593
E3,34f4,3538
UT-BS,fd31,3326
E1,0b74,2743
YNCRC3,ae1d,3077
YNCRC1,41d3,3252
E2,b0cd,1459
YNCRC1,2536,3560
E5,38fb,178
MUSM-BS,f8a8,945
UT-BS,f8a8,26
E3,9780,1661
RH-BS,9780,435
RC4,9780,1139
CREATE,9780,290
UNK,9780,70
MD1,74f5,3579
UHC-BS,2428,178
E2,3882,3268
S16,8ab2,3496
MD6,928c,3178
MD11,928c,78
TMSI,f26c,3383
EA,d126,3392
S16,7a6a,3389
E2,9a2f,985
YNCRC1,afa6,3550
E1A,e715,3363
CRECTN,8b2c,833
UT-BS,8b2c,746
VEN-BS,8b2c,90
YIH-BS,8b2c,94
COM2-BS,8b2c,431
CREATE,8b2c,127
LT4,8b2c,17
UT-BS,83fc,422
BIZ2,83fc,62
GRS,83fc,57
AS8-BS,83fc,39
COM2-BS,83fc,141
BIZ2-BS,83fc,166
IT-BS,83fc,177
CREATE,83fc,62
GRN,83fc,2041
BIZ1,83fc,372
ARTSCTN,83fc,26
KV-BS,6dd2,2461
AS8-BS,6dd2,62
MUSM-BS,6dd2,50
IT-BS,6dd2,57
AS2,6dd2,396
AS1,6dd2,70
S17,2afd,1261
E4A,34ba,3431
MD11,654c,3518
BTC-BS,c232,252
LT11,7a5a,62
VEN-BS,7a5a,61
AS2,7a5a,633
BIZ1,7a5a,41
OHSSL-BS,7a5a,80
LT12,7a5a,167
PGPH7-BS,7a5a,39
PGP-BS,7a5a,1981
AS1,7a5a,231
ARTSCTN,7a5a,255
RC4,4ed8,2496
T-LAB,fd61,2661
YNCRC1,a20c,3593
YNCRC2,e1ed,3168
YIH,d27c,3538
MD6,1af4,527
LT19,a0e0,3258
AS8-BS,a0e0,51
ARTSCTN,a0e0,103
E4,069f,3224
S14,9175,3174
LT27,19b2,3587
AS4,8b1c,2837
YNCRC2,c0f1,1833
YNCRC3,c0f1,154
MD6,97ea,3208
E2,31f4,3569
E5,4900,3560
EA,c146,2881
UTSRC,8dbe,2632
SDE1,4e3c,26
SDE3,4e3c,3520
UHALL-BS,15c8,50
OUHC-BS,15c8,113
LT27-BS,15c8,3414
AS4,e234,417
RC4,75f3,3442
YNCRC1,ba51,1659
UHC-BS,20d1,562
E3,e1a5,1965
S5,0cb2,3542
EA,b22a,3135
MD6,8ee0,2182
KRT-BS,5b96,200
EHALL,5b96,2615
S15,5b44,3536
CELS,2cb2,3290
YNCEC,cd6b,68
ERC,cd6b,404
YNCRC3,cd6b,2572
RC4,3871,402
CREATE,3871,43
GRN,3871,1267
GRS,3871,131
E3,5865,3526
YNCEC,b6de,3558
KRT-BS,0c91,133
EHALL,0c91,2909
IT-BS,0c91,65
VEN-BS,0c91,192
RC4,2c27,3530
YNCRC1,0fe9,1211
YNCRC3,043f,3464
ERC,3816,3492
UT-BS,472a,98
CREATE,472a,40
GRS,472a,3418
TBS,8b4c,164
ERC,8b4c,68
UTSRC,8b4c,1726
E4,8af8,3595
BIZ2,f6ec,2090
S12,569b,3595
KV-BS,9abe,3569
CLIB,63d4,3569
YNCRC1,6ea3,3476
EA,31df,3492
YNCRC1,f55b,3373
UH,0418,3236
OYIH-BS,e75b,119
YIH,e75b,3410
YIH-BS,e75b,56
KRT-BS,344d,358
EHALL,344d,2236
KV-BS,344d,914
YNCRC2,f508,1823
VENT,372f,3494
I4,aa81,2634
SSLS,aa81,656
CLIB,ac19,244
CNLIB,ac19,173
CLIBANNEX,ac19,113
AS8-BS,ac19,2281
YNCRC1,8f9f,3558
YNCRC2,d5a3,1417
MD6,2ab5,1722
CREATE,5cec,91
GRS,5cec,3301
E4,ed2a,2696
MD1,bc12,3377
MD6,09b9,1708
PGP-BS,fe63,1645
S14,fe63,1548
YNCRC1,fb21,3452
UTSRC,fb21,113
UHC-BS,b21d,74
MUSM-BS,b21d,1665
MD6,b21d,212
S16CTN,b21d,1163
LT27,b21d,473
SDE1,2135,3112
SDE2,2135,228
CPT,5745,3597
S15,ce1b,3264
YNCEC,c3aa,3375
ERC,c3aa,135
HSSML,21dc,995
BIZ1,21dc,2576
S5,8459,1057
S9,8459,723
YNCRC1,c4cc,3571
RC4,87ae,3170
MD6,f5bb,3589
S14,64e4,3589
YNCRC2,2e90,1806
ERC,e35f,3414
HSSML,3f17,2158
BIZ1,3f17,789
AS8-BS,3f17,113
YIH-BS,3f17,507
YNCRC2,445e,3591
S5,1255,148
S16CTN,1255,137
S9,1255,56
S16CTN,dcb0,2696
MD10,dcb0,41
MD1,dcb0,65
SNWT,7a84,2909
ERC,fbf6,3079
YNCRC2,771f,3361
YNCRC1,771f,117
UTSRC,771f,113
ERC,748b,3512
CRECTN,9f82,973
CREATE,9f82,24
UTSRC,9f82,2568
IT,f4de,3577
MD1,2e36,3392
MUSM-BS,0217,238
E6,0217,95
T-LAB,0217,93
RH-BS,0217,26
T-LAB,fe5d,3305
S2,80b0,979
E3,80b0,29
E3A,80b0,300
YIH-BS,80b0,130
LT7A,80b0,84
EA,80b0,80
T-LAB,80b0,200
ERC,2aa0,3460
E5,67d4,2839
CREATE,2d27,2615
UTSRC,2d27,154
EW1,8b8b,417
UHC-BS,8b8b,145
LT27-BS,8b8b,2776
RVRG,ab96,253
UHALL-BS,ab96,313
OYIH-BS,ab96,953
UHC-BS,ab96,170
UHALL-BS,133d,1464
S17-BS,133d,59
LT27-BS,133d,421
ERC,6dda,3583
IT-BS,09b8,850
E5,09b8,2739
S17,24d2,2671
PGP10,5e76,3512
EW1,4981,3224
PGP6,f222,3442
PGP-BS,f222,98
LT27,0af5,2546
CRECTN,47cc,223
CREATE,47cc,364
UTSRC,47cc,2509
UT-BS,624d,120
UHC-BS,624d,31
UHALL-BS,624d,144
GRS,624d,61
S13,624d,50
S7,624d,67
CREATE,624d,58
GRN,624d,2999
OUHC-BS,624d,63
YNCRC2,8281,1997
S15,d681,3534
IT,a5c3,3147
S5,dfbd,55
S9,dfbd,1295
ARTSCTN,4d8b,3577
S5,5a3b,1839
MD1,5a3b,493
S15,f81e,2796
UT-BS,450f,473
GRS,450f,180
E1A,450f,164
EA,450f,317
CREATE,450f,104
E5,07d8,3585
IT,4fba,3435
YNCRC1,1b35,3540
YNCRC1,684e,3583
RC4,feba,1435
E3A,63d5,105
E4A,63d5,639
E6,63d5,139
EA,63d5,2385
T-LAB,63d5,266
MD4,1ca4,3143
CRECTN,d913,1021
UT-BS,d913,503
UHALL-BS,d913,106
GRS,d913,775
S12,d913,859
S13,d913,52
CREATE,d913,115
OUHC-BS,d913,91
ERC,8d39,3429
S4,ed1c,2556
E6,7504,632
OYIH-BS,7504,521
RH-BS,7627,1066
E3A,7627,30
YNCRC1,2a4b,18
UT-BS,a009,6
CREATE,a009,3540
UT-BS,815b,829
CREATE,815b,151
UTSRC,815b,17
MD6,dfda,3456
MD6,c7d4,3365
MD1,7c67,3398
YNCRC1,c510,2854
S8,7c2a,3448
T-LAB,ca06,3200
E3,ca06,292
MD6,ab66,2307
YNCRC2,3991,3492
AS3,4902,3520
RC4,9324,3597
E3A,359a,3589
YNCRC1,cc98,3587
CNM,42ee,3151
AS4,dd4e,3544
CELC,bb5e,2638
AS6,f845,1993
IT-BS,bf3e,558
S17-BS,bf3e,314
BIZ1,ea66,3290
EW1,dc80,3573
E3A,a2c8,2615
SDE1,ea66,219
KV-BS,ecd9,1371
AS2,ecd9,1443
SDE4,ecd9,563
IT,a9cf,1022
E4,a9cf,1253
YNCRC3,44da,3398
YNCRC1,9eef,1222
YNCRC1,4934,3565
YNCEC,1e92,3044
E3,2d77,3470
BIZ1,8a4f,3208
KV-BS,80d2,928
S7,5199,1157
CRECTN,ff31,770
CREATE,ff31,1677
GRN,ff31,74
ERC,ff31,1023
KRT-BS,ba13,442
TBS,19eb,1265
SH,497a,3208
MD1,29bb,3587
UH,1e7d,3204
HSSML,2a04,61
BIZ1,2a04,458
OHSSL-BS,2a04,58
TCOMS,2a04,72
PGP-BS,2a04,2869
E1,6ef6,776
USC,6ef6,87
OUHC-BS,6ef6,94
YIH-BS,6ef6,2630
YNCRC2,a1ad,840
MD6,3bb2,624
YNCRC1,04e3,3583
YNCRC1,6749,128
ERC,6749,283
YNCRC3,6749,2570
MD10,38f3,3575
EHALL,2c44,1685
MD6,5bbd,3530
YNCRC2,3b89,3336
EA,b8fe,3522
UTSRC,6d69,2883
BIZ1,3c34,3400
BIZ1,8fd7,712
BIZ1,eb20,3538
YNCRC1,08bb,1954
E2,9b0b,1806
YNCRC2,cd33,86
BIZ1,9092,3022
CNLIB,54ae,1100
HSSML,e2b0,3427
VENT,cab5,2638
MD6,b3a7,3462
BIZ1,6691,3524
YNCRC2,e703,127
YNCRC1,e703,1971
YNCEC,e703,116
IT,5f46,1564
RC4,cfd7,1928
UT-BS,dff9,10
CREATE,dff9,70
GRS,dff9,1488
YNCRC1,5f1e,3462
E1,bb14,3560
BIZ1,86aa,3571
CREATE,eb44,395
GRS,eb44,55
YNCRC1,64ff,3303
UT-BS,9e3c,175
AS8,9e3c,38
AS8-BS,9e3c,185
ERC,9e3c,2340
AS4,9e3c,177
AS2,9e3c,403
CREATE,9e3c,121
AS1,9e3c,142
ERC,65bf,1667
MD6,5fc2,3448
YNCEC,3558,3569
E4,0a36,3332
AS4,125b,3554
YNCRC1,17c2,3326
HSSML,aa93,1024
E3A,dbcc,1651
YNCRC1,60ca,2848
THALL,76f3,1173
SDE4,76f3,135
YNCRC2,48dc,1148
MD6,5fc9,3476
MD4,5fc9,64
S16CTN,c779,3595
EA,3034,3552
E4,9f9c,2687
E3,4ddc,3028
GRN,ecd5,1435
ERC,ecd5,1909
S5,dfdf,1497
S9,dfdf,1880
YNCRC1,88ea,30
ERC,5e1a,3518
PGPCTN,8480,2406
PGP3,8480,90
S17,8480,324
TCOMS,8480,207
PGPH7-BS,8480,99
S17-BS,8480,216
I4,3f74,37
BIZ2,3f74,2160
BIZ2-BS,3f74,117
KV-BS,b72e,349
S16,c396,320
S16CTN,c396,3253
CELS,bf73,3073
RC4,4faf,1979
EW2,242e,1796
S5,1085,3593
MPH,e47a,158
CNM,932e,615
MD11,929e,1041
E3,a120,3412
SFAH,7d22,2948
E3A,975a,246
EA,975a,2821
EW2,975a,101
KRT-BS,8c63,2241
PGP10,c82b,3402
PGP-BS,c82b,46
HSSML,dc33,166
BIZ1,dc33,2234
LT18,dc33,310
PGP-BS,019a,1758
BIZ1,9b94,3540
CLIB,4caf,727
YNCRC3,0234,337
E2,4574,3433
T-LAB,6acd,3288
CLIB,29c7,1973
S16,b461,3129
RC4,0db9,3571
TBS,5858,38
SFAH,fa12,3053
S16CTN,beeb,3166
UT-BS,d9f4,697
CREATE,d9f4,2753
YNCEC,5666,66
YIH,64ce,3454
RC4,d1d2,1080
MD1,af37,2618
AS2,b37a,775
CREATE,b37a,2484
AS1,b37a,277
I4,0add,701
TCOMS,0add,2358
BIZ2-BS,0add,18
MD6,db3c,2131
MD6,d4eb,2562
S16,b1f8,1930
S15,b1f8,53
S6,b1f8,114
S10,b1f8,59
LT27-BS,b1f8,81
MD1,b1f8,119
S16CTN,b1f8,56
LT27,b1f8,935
S8,b1f8,248
I3,28e7,3440
E6,bab6,1125
PGP-BS,3905,3480
OHSSL-BS,3905,60
E4,0936,2067
E3,0936,1252
E2A,0936,207
RH-BS,47c0,3419
MUSM-BS,47c0,29
KVA,06f5,2265
YNCEC,3bff,3460
CRECTN,7fc5,773
UT-BS,7fc5,93
UHALL-BS,7fc5,353
YNCRC1,7fc5,105
S14,7fc5,131
CREATE,7fc5,102
YNCEC,7fc5,16
UTSRC,7fc5,143
S10CTN,7fc5,49
MD1,7fc5,683
OUHC-BS,7fc5,488
AS3,0a36,3558
S7,bc18,1641
UT-BS,70dd,75
ERC,70dd,1056
MUSM-BS,70dd,91
CREATE,70dd,117
GRN,70dd,68
PGP-BS,70dd,2168
KRH,76c8,2952
YNCRC2,ae1d,1060
ERC,bce0,1143
E4,ae50,3591
E1A,a762,3322
UTSRC,7fc1,922
KRT-BS,6d2b,2447
YNCRC2,bd7b,3571
ERC,43f5,3522
CELS,9384,2802
S16,1abd,3587
SDE4,1d67,3005
CLIB,3c76,1956
UTSRC,6096,3425
UTSRC,4b7a,1636
E3A,e761,2273
KVA,ac3b,2028
E6,03db,158
S9,848c,49
MD1,2635,2778
RC4,1011,3038
KV-BS,8b8e,2817
CLIB,137d,3229
AS6,137d,273
AS8-BS,137d,71
YNCRC3,b23b,3540
S17,2ffb,3522
RC4,63c7,1889
CELS,9f12,3595
E3,2c32,2976
E5,862b,55
UHALL-BS,862b,2821
YIH-BS,862b,86
AS8-BS,862b,92
IT,862b,70
E1,862b,125
OUHC-BS,862b,52
E4,862b,60
CPT,3b18,3504
KVG,1049,3318
MD4,33f0,3540
CLIB,47c4,2453
IT-BS,47c4,362
AS1,47c4,58
MD6,733a,133
S17-BS,733a,1969
MD1,37a8,2151
MD4,51d7,1316
YNCRC2,423e,3352
YNCRC1,423e,108
CNM,998c,1094
I4,f76a,1989
VENT,75f3,2533
I3,a3a1,3556
RVRG,0c5a,3024
YNCRC2,7db7,1352
UH,5389,3595
HSSML,59f5,3502
YNCRC1,92de,2877
VENT,0c82,3212
YNCRC1,d90a,3232
TCOMS,b5c8,2969
S13,0e47,3067
E3,8882,3573
OYIH-BS,1c3c,51
LT13-BS,1c3c,61
YIH-BS,1c3c,72
COM2-BS,1c3c,62
ONUSS-BS,1c3c,252
THALL,1c3c,949
IT-BS,1c3c,62
YIH,1c3c,61
ARTSCTN,1c3c,49
YNCRC1,82e0,3544
EA,f495,3583
YNCRC1,60ed,3232
ERC,3be9,3579
BIZ1,1572,3460
RVRG,faad,1611
ONUSS-BS,5c16,2316
S10,8c66,64
S5,8c66,26
S4,8c66,3220
S16CTN,8c66,115
LT27,8c66,121
UHALL-BS,16b7,65
UHC-BS,16b7,1173
S14,16b7,2096
YSTCM,e2ac,3067
UHALL-BS,59f5,134
UHC-BS,59f5,718
S5,4db9,96
EA,4cd7,3307
MD1,1de2,306
MD3,1de2,2571
LT8,1de2,558
CNM,6436,1821
MD6,c0c0,589
MD1,c0c0,3006
T-LAB,7b21,1784
E1,8fa9,369
EW1,8fa9,3218
KV-BS,2db6,1439
AS2,2db6,1413
HSSML,23d3,54
LT13-BS,23d3,2700
BIZ2,23d3,106
BIZ2-BS,23d3,209
AS5,f393,3558
YNCRC1,1498,3040
ERC,1498,341
S5,26fe,3450
GRN,ae70,2477
ERC,ae70,309
E4,2363,3260
SFAH,b131,3174
UH,e7c9,3460
LT27,ef30,661
UH,ef30,1961
MD1,b3ed,3540
UTSRC,053b,2166
S16,0301,2333
S10,0301,53
S10CTN,0301,548
YNCRC2,df0a,3468
YNCRC1,e952,3168
IT,79a5,3516
HSSML,16ea,3176
BIZ1,16ea,378
CREATE,1cf0,904
S12,4f12,2997
MUSM-BS,5af5,79
UT-BS,5af5,62
UHALL-BS,5af5,3145
OUHC-BS,5af5,69
MD6,4577,3524
ERC,26f3,2263
S15,8ca0,3567
I3,30d4,2488
BIZ2-BS,30d4,844
UTSRC,bc82,3565
VENT,e3e7,3242
S8,7c8c,3189
MD1,7ccb,3587
S17,843e,1901
USC,bf8f,57
OUHC-BS,bf8f,126
PGP-BS,bf8f,1851
S17-BS,bf8f,243
SFAH,163d,3295
E3A,60cf,1843
T-LAB,30ae,3100
BIZ1,dd2d,3510
RC4,5cbe,75
UTSRC,5cbe,1849
ERC,5cbe,357
UHC-BS,6207,3536
CLIB,d4b8,1843
AS1,d4b8,209
AS8-BS,d4b8,707
AS8,d4b8,453
YNCRC3,4ab4,3160
E5,c352,168
E3,c352,1967
E1A,c352,53
EA,c352,744
E2,c352,36
E4,c352,617
AS2,400c,3440
CRECTN,a7ca,162
CREATE,a7ca,244
GRN,a7ca,2881
UTSRC,a7ca,265
S16,eac0,38
VENT,a01f,59
LT13-BS,9779,148
ONUSS-BS,9779,646
SH,9779,329
S16,2c99,3589
UT-BS,64f7,331
UTSRC,64f7,1519
LT4,64f7,1708
AS3,10fe,3406
UTSRC,821a,1177
CELS,b3af,3540
IT-BS,29b7,1651
UH,29b7,1926
CREATE,953a,1099
GRN,953a,1096
GRS,953a,131
E1A,b826,3121
BIZ1,a702,3488
E3A,b3f4,3563
UTSRC,0c57,2702
ERC,0e65,3536
S5,a74b,92
YNCRC3,3128,3071
MD6,f299,2934
E3,af77,3476
YNCRC2,9a0d,3534
YNCRC2,ae92,3591
E3,da65,3222
YNCRC2,433f,3322
YNCRC1,7fde,3286
YNCRC1,6b71,3197
EW2,a132,460
BIZ2,2ce3,2721
UTSRC,627f,3538
UHC-BS,0f29,890
OYIH-BS,0f29,306
PGP-BS,0f29,2344
OUHC-BS,0f29,43
UT-BS,79af,166
GRS,79af,67
LT27-BS,79af,250
ERC,79af,813
CREATE,79af,58
OUHC-BS,79af,29
PGP-BS,79af,1889
E4,e3d0,1110
E4A,e3d0,2455
S5,d8e2,2009
S9,d8e2,1509
UH,5381,2394
MD6,5bf9,333
PGP-BS,7389,3514
SFAH,6078,1687
LT4,6078,197
UCC,6078,1008
HSSML,d981,288
S6,27b9,3342
E4,6eb2,3550
AS5,b40b,1897
YNCRC1,05fe,2486
UHALL-BS,dd6a,22
S17,dd6a,1380
IT-BS,d49e,21
UT-BS,d49e,653
AS8-BS,d49e,1681
AS2,9527,232
AS1,9527,3355
YNCEC,e8d1,3236
YNCRC1,0686,3286
BIZ2,90ac,3573
YNCRC1,4a39,3454
S14,0878,3314
T-LAB,11d3,3147
MD6,d213,1839
LT5,8002,1056
YNCRC1,6216,783
UH,baad,3554
E6,b203,3577
RH-BS,63d4,178
S16,45d7,52
S16CTN,45d7,1681
MD1,45d7,433
CRECTN,c3cf,26
CREATE,c3cf,293
GRN,c3cf,65
GRS,c3cf,2377
S16CTN,242e,1193
MD9,242e,2223
YNCRC1,da67,2079
ERC,da67,1354
UCC,0773,3414
YNCRC3,02e9,3462
E4,3118,1655
E3,3118,1861
T-LAB,5a83,3558
MD1,286d,1165
AS5,9800,1499
S16,59e0,122
S16CTN,59e0,181
LT27,59e0,486
LT27-BS,59e0,2737
TBS,2d67,89
CNM,2d67,191
E6,fe56,3536
MD6,c731,3581
RC4,d85f,3577
YSTCM,c340,3470
MD1,358a,3514
UT-BS,d116,84
KV-BS,d116,125
EA,d116,167
ERC,d116,245
MUSM-BS,d116,200
CREATE,d116,170
KRT-BS,d116,2600
HSSML,ba73,267
PGP-BS,ba73,2903
UT-BS,7549,143
ERC,7549,78
UTSRC,7549,126
YNCEC,7549,49
YNCRC3,7549,583
S16,a00a,117
S15,a00a,1911
ERC,93e0,3579
RH-BS,3926,3301
SSLS,9fc8,142
LT13-BS,9fc8,993
CLIBANNEX,9fc8,195
VENT,4a31,887
S16,94b4,3579
YNCRC1,3915,1636
TBS,f0ea,3293
CNM,f0ea,94
UHALL-BS,749d,188
PGP-BS,749d,154
LT27-BS,749d,269
E4,908c,260
MUSM-BS,ab34,2630
LKC,ab34,882
YNCRC2,1408,1681
SDE2,392f,3565
LT27,6f02,3488
KV-BS,8e5b,2388
AS8,8e5b,156
YIH-BS,8e5b,58
MUSM-BS,8e5b,98
AS2,8e5b,66
AS1,8e5b,111
CREATE,3249,132
GRS,3249,58
YIH-BS,3249,2566
ERC,3249,766
ERC,75c0,2879
YNCRC2,ccf3,417
MD6,2826,3510
TCOMS,50ed,427
KRH,6883,969
YNCRC2,e8d6,3252
S12,9709,3394
MD6,ee81,2620
RC4,2c74,2556
MD6,c07a,3153
IT,cca5,2
S16,26c9,1269
S13,26c9,2218
S14,26c9,43
YNCRC3,926e,3016
YNCRC1,9629,2299
CREATE,9629,195
CNM,535e,2426
MD6,0f46,3374
PGP-BS,0f46,78
UCC,7b17,3546
HSSML,8607,2665
OUHC-BS,0dd1,2580
OYIH-BS,0dd1,16
MD6,d64f,3579
E3,cba5,2114
S6,29e4,2081
VEN-BS,d89c,1215
SFAH,d89c,2331
EA,1082,1353
GRS,1082,521
YNCRC1,5ecb,2934
E6,487a,2252
E4A,487a,300
E3A,b5e6,3532
E1,ca09,2543
E1A,ca09,899
EW1,ca09,64
KRH,1240,515
ERC,63a7,2919
S15,aff1,3552
CLIB,3ad8,2
UH,3ad8,3392
HSSML,8207,842
ERC,7c07,3336
YNCRC1,c98f,3200
S15,55ed,3147
SDE1,d863,824
SDE2,d863,2739
UTSRC,6a4e,3195
I4,c30d,52
TCOMS,c30d,24
BIZ2-BS,c30d,180
OHSSL-BS,c30d,3240
VEN-BS,1e2d,3595
T-LAB,b429,3478
I3,783e,3496
MD3,edc0,3512
I3,83a9,3506
YNCRC1,3dd1,3482
CLIB,3911,1876
YNCRC2,fe9a,189
MD11,6048,115
LT27,6048,1165
CELS,6048,804
MD9,6048,59
YNCRC1,07fc,1488
UTSRC,c537,1934
EW1,5ea0,3408
MD1,ba1b,3565
CREATE,9ac5,495
UTSRC,9ac5,607
ERC,9ac5,2483
KRT-BS,50ef,125
LT11,50ef,57
VEN-BS,50ef,62
MD1,a39d,3587
BIZ2-BS,4c41,1800
KE7H,8a95,3514
PGP-BS,8a95,44
E4,fb9c,1119
ERC,9ec7,3585
VEN-BS,5eca,3558
UTSRC,0e26,3554
IT-BS,7ea9,2774
CLIB,7ea9,172
RC4,566d,3577
UTSRC,1dec,3234
E5,8839,799
E4,8839,74
E4A,8839,2556
HSSML,1ca7,703
BIZ2,1ca7,105
YIH-BS,1ca7,108
AS8-BS,1ca7,85
COM2-BS,1ca7,107
BIZ1,1ca7,228
S17-BS,1ca7,2096
ARTSCTN,1ca7,22
UT-BS,4ff2,664
YIH-BS,4ff2,2556
BIZ1,90d9,3329
MD6,6267,3563
MD1,4672,3178
YNCRC2,3395,2295
I3,e6f8,2745
T-LAB,14d3,3575
E5,fcba,3546
VENT,38d2,714
UCC,77fb,3498
S16CTN,b236,2158
S5,b236,62
S4A,b236,73
YNCRC2,8578,3276
YNCRC1,8578,79
ERC,8578,61
UTSRC,8578,181
YNCRC1,898e,102
YNCRC2,898e,278
ERC,898e,40
YNCEC,898e,55
UTSRC,898e,3120
S16,bb7b,3585
VEN-BS,c2af,65
YIH-BS,c2af,67
LT27-BS,c2af,195
COM2-BS,c2af,63
ONUSS-BS,c2af,2204
IT-BS,c2af,39
LT4,c2af,42
ARTSCTN,c2af,129
E1,e979,3585
E6,ea4a,86
OYIH-BS,ea4a,3295
RC4,5987,548
KRT-BS,962e,2412
KVA,d3e7,1995
S16,caea,3552
UHALL-BS,1362,0
UHC-BS,1362,55
YIH-BS,1362,72
RH-BS,1362,206
MUSM-BS,1362,107
T-LAB,1362,3028
MD6,9ac1,3440
CREATE,345d,381
TBS,bd35,3575
E1A,81d6,3552
YNCRC1,92f9,3416
YIH,7c2b,3448
S16,cbfa,2613
S15,cbfa,159
S16CTN,cbfa,246
LT27,cbfa,464
ERC,50a8,3110
UTSRC,a0e5,3540
UHC-BS,fd44,2829
YNCRC3,41f0,3571
IT-BS,d664,3500
E5,d664,85
ERC,558a,3112
YSTCM,5dc1,3435
AS2,4a0a,384
VEN-BS,4a0a,2854
YNCRC3,108d,3065
ERC,57d9,2265
BIZ1,ef0c,3579
RC4,4409,3361
YNCRC1,4409,66
YNCEC,4409,85
UTSRC,a834,2340
GRS,a834,688
S16,4deb,1671
S16CTN,4deb,1904
MD6,048d,541
S16CTN,048d,2636
MD7,048d,394
UTSRC,c2db,1720
ERC,c2db,60
YNCRC1,cb91,603
AS5,aa0b,1981
ERC,91ef,3301
E3,8aaa,3416
MD2,1d05,3583
LT1,96db,574
EA,96db,2712
YNCRC1,1cc6,3178
UH,8bfc,3252
E3,5f5a,290
E1A,5f5a,2012
E2,5f5a,1158
E2A,5f5a,71
E1,5f5a,62
UH,50d9,3472
S16,175c,3363
S16CTN,175c,51
MD9,175c,74
ONUSS-BS,195d,2314
S12,9f4d,1924
S7,5c54,3508
CRECTN,c567,251
CREATE,c567,52
UTSRC,c567,247
GRS,c567,2819
RC4,a4da,533
YNCRC2,9028,3334
ERC,1ede,1193
GRS,1ede,2402
YNCRC1,427b,322
ERC,427b,3232
BIZ2-BS,2188,2983
THALL,5420,1437
IT,3181,3252
YNCRC2,9a64,2967
CRECTN,ae85,14
IT-BS,ae85,899
CREATE,ae85,908
MD6,569b,704
SDE3,f01e,3575
YNCRC2,9e39,3053
CELS,217f,3433
CNM,86f4,454
S15,626f,3540
E6,9085,215
USC,c8cb,2819
MPH,c8cb,315
MD3,c8cb,42
RVRTB,0d4d,488
KV-BS,0fb7,3088
EA,0fb7,400
MD6,5905,3575
MD6,c15d,3554
ERC,72bb,2841
YNCRC1,5b40,2804
UCC,f6ab,3147
UH,e13b,24
MD1,8883,3518
YSTCM,d6be,3504
S16,9c5b,3534
UHC-BS,f449,3563
OYIH-BS,3a52,135
USC,4fdb,1575
OUHC-BS,4fdb,169
FC,4fdb,1087
CELS,2928,3595
KRH,cba8,2750
IT,cba8,342
BIZ2-BS,cba8,24
OHSSL-BS,cba8,172
YNCRC1,e418,3342
HSSML,9422,2202
YSTCM,4377,3534
E2,beb6,222
RC4,d325,877
VENT,780e,53
YNCRC3,2b7a,2349
YNCRC2,e125,1956
E3,b45c,3542
UHALL-BS,0014,1222
S13,0014,93
EA,0014,2198
S12,0014,84
YNCRC3,d8cd,1250
USC,0533,95
UHC-BS,0533,856
HSSML,997d,594
KV-BS,997d,2342
BIZ1,997d,647
PGP10,45f6,1849
YIH,534e,3024
I4,8560,2394
E3A,aedf,3579
S10,cedd,3520
CLIB,64ee,337
CNLIB,64ee,1492
E2A,d8fb,3429
CNM,99b9,2622
CRECTN,f5e0,714
UTSRC,f5e0,1279
EA,15e6,3492
MD6,d775,3544
UT-BS,9f65,429
UHALL-BS,9f65,320
UHC-BS,9f65,192
ERC,9f65,72
UTSRC,9f65,298
LT32,9f65,2110
OUHC-BS,9f65,119
UT-BS,8726,113
UHC-BS,8726,121
GRS,8726,60
CREATE,8726,57
GRN,8726,2160
S17-BS,8726,102
UT-BS,a034,1297
YNCRC1,2a49,3350
BREN,7043,391
EA,e05f,3425
RVRG,910d,2983
UT-BS,4c0b,54
E5,4c0b,437
CREATE,4c0b,1486
E1,4c0b,1098
E4,4c0b,60
T-LAB,d247,3522
MD1,0da9,425
RH-BS,d3d3,3301
E3A,d3d3,64
THALL,b8ed,1211
MD1,df2c,3352
LT18,f57f,65
PGP-BS,f57f,2871
OHSSL-BS,f57f,189
S16,0ca8,1917
S16CTN,0ca8,483
LT27,0ca8,1189
UTSRC,a89a,3193
ERC,4845,2708
MD1,4de8,2798
IT-BS,8734,1679
AS6,8734,249
CLIB,8734,228
BIZ1,8734,1437
YNCRC2,7f4a,3577
EW2,e91c,3348
PGP-BS,18fa,2600
S15,2903,3538
MD11,15f1,3016
YNCRC2,fec7,973
YNCRC1,48a1,3094
TBS,1a11,814
RC4,1a11,272
GRN,1a11,53
GRS,1a11,657
UH,751e,3067
E1,e8c9,947
E5,e8c9,2220
E4,e8c9,141
E2A,e8c9,154
E3,f2e6,3571
MD1,36ee,3556
HSSML,2384,351
BIZ2,2384,14
YNCRC1,af2b,3565
S16,d431,3575
YNCRC1,0aca,3216
I3,076c,166
CRECTN,dd2c,744
CREATE,dd2c,2700
RC4,1bb9,1995
MPH,bcbb,1131
AS1,bcbb,72
PGP13,bfe3,644
YIH-BS,bfe3,375
ERC,bfe3,503
CREATE,bfe3,273
PGP-BS,bfe3,127
ERC,8ab7,3222
UTSRC,df0a,3508
KE7H,e03e,3026
MD1,846c,3573
EW2,425e,2909
YNCRC3,63ee,3412
UHC-BS,6312,217
S17,6312,1418
S17-BS,6312,85
ERC,b571,3416
E4,1ebe,3583
EW2,e88d,2100
SDE2,7479,3266
SFAH,6b6f,3200
UTSRC,3df7,198
GRS,3df7,937
E3,2a29,3472
E4,aa7a,3396
UT-BS,d9e3,63
USC,d9e3,469
CREATE,d9e3,121
UTSRC,d9e3,2928
IT,a685,3232
YNCRC1,f7f4,2275
UTSRC,f7f4,57
ERC,f7f4,1166
MD6,e820,485
MD11,e820,37
LT27,e820,1250
UHALL-BS,06c3,2756
HSSML,b6ee,94
TBS,b145,3394
MD10,3f2f,3591
S4A,2ed0,3496
TBS,6560,2139
ERC,a893,3534
VENT,347d,351
BIZ2,c9d9,2434
KRH,1ccc,3290
SDE3,1120,999
CNM,c96e,1082
SDE1,eb95,1600
SDE3,eb95,1973
MD1,0170,3429
EA,5f7a,2028
E6,085f,504
OYIH-BS,085f,1276
UTSRC,5593,3591
BIZ2,60c1,3238
OYIH-BS,2e22,234
CFA,2e22,1318
YIH-BS,2e22,69
EA,6158,433
CLIBANNEX,4e4d,3365
YNCRC1,2477,3595
YNCRC1,cf6a,3591
TCOMS,f273,2928
MD6,f8c4,902
MD1,f8c4,322
T-LAB,223a,1573
MD6,6d7a,3597
MD6,a298,781
MD2,a298,32
RC4,9355,3472
YNCRC1,7256,16
MD4,a183,3431
UTSRC,5245,3425
YNCRC1,e990,2869
UH,9b5d,3301
CNM,f3fe,2164
S16,27a3,920
S10,27a3,63
LT27-BS,27a3,238
S13,27a3,274
LT27,27a3,1238
OUHC-BS,4045,2881
YNCRC3,bc28,2835
YNCRC2,530a,3595
SFAH,dea6,3468
TBS,231d,3470
CNM,231d,82
E2,c352,937
SFAH,2bac,2202
MUSM-BS,fa6c,399
RH-BS,fa6c,47
YSTCM,fa6c,1214
PGP-BS,fa6c,1878
CELC,0712,3377
ISS,3c7b,1560
SFAH,3c7b,1700
UT-BS,1b01,466
E5,1b01,135
E1A,1b01,412
IT,1b01,94
CREATE,1b01,155
UTSRC,1b01,2112
E1,1b01,162
MUSM-BS,10b1,234
UT-BS,10b1,1501
RH-BS,10b1,73
MD9,65ad,3486
E2CTN,da91,73
EA,da91,991
EW1,da91,2348
YNCWC,8a86,2521
RC4,8a86,936
YNCEC,8a86,59
EA,75f3,2640
S13,b6d9,347
S14,b6d9,3240
KRH,79bc,517
KV-BS,f754,1179
BIZ1,f754,2379
S16CTN,16a2,3593
RC4,472e,2729
KRT-BS,1dfa,3290
HSSML,14fb,606
BIZ1,14fb,359
BIZ2,14fb,2521
OHSSL-BS,14fb,111
E6,76ac,3355
OYIH-BS,76ac,123
YNCRC1,a86e,2712
EW1,0d58,3567
YNCRC1,bd34,3579
YNCRC2,47dd,525
MD1,5eed,3597
CELS,e4cb,458
YNCRC1,8fb4,1499
RVRG,1e9e,10
UHC-BS,54fd,1090
S2,54fd,1462
UHC,54fd,1041
YNCRC1,63f2,3550
TCOMS,761f,2071
YIH,46c9,2500
YIHCTN,46c9,873
EA,231f,361
AS4,864c,170
ARTSCTN,864c,3123
S16CTN,5c7a,3266
KV-BS,0f47,1647
E2,0f47,260
EA,0f47,86
YNCRC1,4044,1932
E4A,c12b,3496
RC4,0346,2959
KV-BS,1ce7,57
KVA,1ce7,119
EA,4210,3522
UTSRC,77d0,3338
UTSRC,cb3c,2710
BIZ1,75ce,3460
CLIB,8bbc,1899
AS1,01dd,3589
YNCRC2,eb3e,1733
OUHC-BS,9ff5,57
FC,9ff5,1833
YIH-BS,9ff5,1558
EW2,8399,3394
TBS,110a,1322
E4,ff23,3299
E4,d7f8,3460
YNCRC3,d21e,2580
UT-BS,6950,3379
ONUSS-BS,1c34,132
SH,1c34,3332
ARTSCTN,1c34,127
LT18,f155,688
BIZ2,f155,2175
S15,43f8,3540
SDE1,dcb3,318
SDE2,4593,3571
MD6,6f44,710
MD3,6f44,69
MD1,6f44,89
UH,8270,3073
MD6,d3a6,3512
YNCRC1,e9e4,3571
S16,6168,3514
YNCRC2,ee74,1366
YNCEC,ee74,182
YNCRC3,ee74,1439
S9,efe4,3055
BIZ2,eaea,299
LT18,eaea,174
VEN-BS,eaea,2983
ARTSCTN,eaea,109
YIHCTN,30dc,2995
HSSML,91b0,408
TCOMS,08fb,696
MD1,2985,3123
YNCRC2,94f7,875
YNCRC1,94f7,1973
KV-BS,0a4b,515
AS2,1e7d,3433
ERC,ad68,2622
SDE1,5ad7,330
SDE3,5ad7,2066
YNCRC1,81df,3575
S12,c099,3228
OYIH-BS,e1f2,122
RH-BS,e1f2,57
MUSM-BS,e1f2,67
YSTCM,e1f2,1259
PGP-BS,e1f2,2092
IT-BS,4615,2895
MD9,4615,573
ERC,9ea5,1739
UTSRC,9ea5,1791
YNCRC3,ab64,3492
AS2,8a07,3552
UT-BS,6c5a,3563
E3A,b9ae,196
MD1,b9ae,2390
YNCRC1,32c4,3340
EHALL,080e,2979
YNCRC1,ef61,2214
YNCRC1,fa69,3565
YNCRC1,ba1f,2677
MD6,3aa1,977
UHC-BS,ae5a,3534
AS5,f28e,3486
MD10,8874,3092
GRN,00a4,2149
GRS,00a4,200
PGP-BS,0deb,1006
AS8-BS,0267,73
YIH-BS,0267,26
EHALL,0267,52
IT-BS,0267,130
KRT-BS,0267,357
OUHC-BS,0267,892
LT27,0267,38
S17-BS,0267,1050
BIZ2-BS,8608,60
LT18,8608,398
PGP3,8608,86
PGP10,8608,2461
PGP-BS,8608,372
YNCRC1,2bf7,3569
RC4,dcd9,2989
S17,da1d,3355
YNCRC1,25f8,969
UTSRC,25f8,745
T-LAB,6ae7,3429
ERC,c86d,3581
UHALL-BS,2571,57
S17,2571,2618
LT27-BS,2571,421
YNCRC1,a923,3180
E1A,a947,3573
YNCRC2,8d33,1269
YNCRC1,8d33,137
UTSRC,8d33,124
E6,8f94,2252
EW2,8f94,51
T-LAB,5c23,2704
E5,5bd9,3282
LKS,62ce,3597
PGPH7-BS,deb1,1439
BIZ2-BS,deb1,62
E1,2d00,3176
CRECTN,4e30,8
CREATE,4e30,119
GRN,4e30,1080
UTSRC,4e30,2277
S16,6900,3423
MD6,a8aa,3530
RC4,9bbb,3589
ERC,109a,3222
SFAH,48c8,2367
AS8,d0ef,3585
S16,eee3,2092
UHALL-BS,bf98,68
S2,bf98,945
E3A,bf98,350
MD6,bf98,1384
S4,bf98,686
BIZ2,1f9a,799
BIZ2-BS,1f9a,2753
I3,cae3,864
USC,7a1b,150
OUHC-BS,7a1b,181
LT27-BS,7a1b,1611
THALL,211b,1581
UT-BS,06aa,138
MUSM-BS,06aa,545
CREATE,06aa,58
GRN,06aa,62
PGP10,06aa,2455
PGP-BS,06aa,280
T-LAB,0559,3587
E3,2a85,1080
E1A,2a85,59
EA,2a85,575
RC4,2a85,1702
E1,2a85,62
E4,2a85,72
TCOMS,0926,3278
IT,0c55,3336
PGPCTN,22a3,884
S15,22a3,140
UHALL-BS,22a3,289
S17-BS,22a3,255
VENT,a258,2665
YNCWC,3006,68
YNCRC2,3006,4
YNCRC3,3006,129
E1,179a,2335
E1A,179a,113
EA,179a,1135
E3,4136,799
E1A,4136,61
EA,4136,136
YNCRC3,4136,2564
YNCRC1,781e,2463
UT-BS,a38b,343
S15,a38b,1956
UHALL-BS,a04d,94
GRN,b4ff,521
CNM,b4ff,3072
SFAH,225a,3036
EHALL,31b4,2176
YNCRC2,3332,1240
THALL,c656,1186
YNCRC1,beca,3438
ERC,68a0,96
ERC,a8f6,3470
S16,df35,3569
YNCRC1,ded3,2560
AS8-BS,9fd1,3494
S17-BS,4f2e,2094
MD9,4f2e,1010
UT-BS,492a,410
HSSML,492a,556
CREATE,492a,229
BIZ1,492a,234
CNM,492a,1981
MD7,dd18,3552
SFAH,f93c,3530
S17,cfe1,3514
CREATE,147f,57
UTSRC,147f,716
RVRG,80cc,3480
UHALL-BS,80cc,80
YNCRC1,6051,3569
E4,9d8e,3151
YNCRC2,5faa,1960
ERC,5faa,901
PGP-BS,cb7e,3587
MD1,574f,3575
ERC,f7d3,2967
EW2,97ca,2396
MD1,8100,3240
YNCRC1,06ee,3062
E4,e609,3470
I3,7a8e,3184
MD6,2616,3338
E1A,63f3,926
EA,63f3,1969
UT-BS,4f3c,713
UHC-BS,4f3c,47
GRS,4f3c,1012
LT27-BS,4f3c,128
CREATE,4f3c,334
UTSRC,4f3c,1234
S16CTN,4f3c,59
LT27,4f3c,68
E2CTN,62ad,941
HSSML,b0c8,2127
YNCEC,dd0b,3534
E6,cfa4,745
CFA,cfa4,1384
E6,5ed7,20
CFA,5ed7,1378
AS1,b02b,2790
S4,9767,3222
SDE1,f3f4,1903
SDE3,f3f4,1144
MD6,b12a,3593
S5,3a15,3480
S9,3a15,91
MD1,445c,3569
UTSRC,0eb0,3482
SH,95db,3036
ERC,fc88,3589
SDE1,47d3,193
UT-BS,cd3f,103
CREATE,cd3f,68
GRN,cd3f,3357
SDE2,bc29,3577
YNCEC,e3b7,3174
E1,62e6,3593
HSSML,4889,174
KVA,b973,2289
VENT,f570,55
MD3,792e,3508
E2,bbab,3492
HSSML,58c4,3542
MD4,8769,3186
AS5,a8ee,3158
ERC,0c77,3560
E1,bb45,12
YNCRC1,d7bd,3538
MD6,1faa,1718
MD11,1faa,1606
EA,d76a,3077
KRH,53b6,66
OHSSL-BS,53b6,59
SH,53b6,1973
ERC,53b6,1434
YNCRC1,c897,269
YNCRC2,c897,426
ERC,c897,118
YNCEC,c897,188
UTSRC,c897,968
YNCRC3,c897,1433
BIZ2,5401,3340
IT,99e7,284
UT-BS,98fd,278
AS2,98fd,848
CREATE,98fd,2443
YNCRC1,fdcc,3357
ERC,b943,2657
LKC,f79e,1790
SDE3,6f81,2772
VENT,512d,36
IT-BS,bb48,188
AS8-BS,bb48,2685
S17,d486,2831
YSTCM,942e,3420
E5,a569,3536
KE7H,dd85,3003
CRECTN,b8d5,241
GRN,b8d5,3299
E6,0f5d,2305
BIZ1,f7d1,1797
BIZ2,f7d1,1667
BIZ1,97ef,3492
E4A,0b76,3494
YNCRC1,444f,1102
ERC,7e01,3151
SH,72b0,2400
IT,9e26,3581
S14,cd07,3488
KE7H,4195,277
PGP-BS,4195,591
ERC,ee60,3528
E3A,a327,2361
USP,ba0d,43
RC4,ba0d,74
ERC,ba0d,1380
S15,5bcf,2088
S14,5bcf,1384
MD1,039d,3030
E1A,0d49,3234
RC4,11b2,67
CNM,11b2,2363
YNCRC2,0139,3585
S14,66e2,89
S17,66e2,1740
YIH-BS,66e2,955
SH,e624,1006
S4,3bf9,59
S3,3bf9,3532
CREATE,29a3,3425
E5,0cfb,130
E3,0cfb,1005
LT27-BS,0cfb,2081
IT-BS,0cfb,199
OUHC-BS,0cfb,105
E4,0cfb,65
UTSRC,7363,3567
SDE1,9951,1733
UHALL-BS,c6c4,1066
S17,c6c4,312
VENT,8284,55
E4,476e,3573
CREATE,d89b,1689
ERC,d89b,1234
S17,20b3,2336
MD4,9345,3538
IT,e868,3528
SFAH,6e3c,2521
UCC,6e3c,721
UT-BS,2863,127
UHALL-BS,2863,88
S15,2863,62
GRS,2863,2160
CREATE,2863,117
S10CTN,2863,58
MD1,2863,513
OUHC-BS,2863,78
S10,2863,129
E4,904d,2570
ERC,30aa,1033
S16,375b,3554
YNCRC2,5948,2249
YNCRC1,5948,69
ERC,5948,84
UTSRC,5948,563
YSTCM,609b,3359
E1,d825,96
TBS,0ba1,211
GRS,0ba1,2604
CNM,0ba1,758
UT-BS,86f3,626
E3A,86f3,72
GRS,86f3,208
E6,86f3,43
EA,86f3,132
MUSM-BS,86f3,272
T-LAB,86f3,62
CREATE,86f3,1944
GRN,86f3,212
UTSRC,3753,3526
MD6,80b3,710
BIZ1,5991,3546
YNCRC1,cb96,1833
YNCRC1,2730,3170
UH,7422,3226
KV-BS,8f9f,651
KVA,8f9f,2942
YNCRC1,94cd,3348
MD6,c3a3,3153
S16,4f93,3379
CREATE,8131,199
UTSRC,8131,2987
MD1,77a4,3585
YNCRC2,f52e,1794
YNCRC1,f52e,65
ERC,f52e,1681
T-LAB,659b,3307
IT-BS,b8b7,3001
YNCRC1,9649,3264
RH-BS,d7e5,3036
S12,d7e5,505
MUSM-BS,d7e5,52
YSTCM,14ba,3344
KV-BS,fb64,2576
BIZ1,fb64,387
ERC,b484,3571
E3,2b57,3429
KRT-BS,3d72,1332
RC4,3d72,121
CLIB,8685,1957
AS6,8685,500
YNCRC1,6dde,3114
YNCRC1,86aa,3016
UTSRC,86aa,542
MD6,9a55,2404
UTSRC,4c55,531
ERC,4c55,928
E1,a6a0,3005
E3,261a,3544
YNCRC3,8641,3274
IT,13d0,3554
EHALL,46cb,3406
MD1,5c70,3423
GRS,1d78,669
RC4,afdd,1373
UTSRC,6517,288
GRS,6517,3295
ERC,d49f,2291
E5,40e2,3371
YNCRC3,6a4a,1936
RC4,ef9c,286
VENT,f52f,3593
T-LAB,3c9f,3546
UH,0273,3320
E4,ebdd,2981
YNCRC2,511c,2420
SFAH,3da3,3276
E3A,d701,3452
LT11,9a4e,103
AS7,9a4e,76
VEN-BS,9a4e,120
ONUSS-BS,9a4e,3216
AS2,9a4e,64
PGP-BS,84d9,3352
AS1,bd50,1490
YNCRC1,b7e1,3597
UH,4eba,1003
YNCRC2,bcd2,2974
YNCRC1,5db1,1228
S15,759e,86
UHALL-BS,759e,39
UHC-BS,759e,220
S9,759e,163
S6,759e,172
S5,759e,569
S16CTN,759e,174
IT-BS,759e,105
MD1,759e,574
OUHC-BS,759e,16
YIH,759e,133
ERC,8e86,3212
USC,9955,3379
MPH,1f7d,1573
UT-BS,94c5,217
LT27-BS,94c5,2094
CREATE,94c5,56
UTSRC,94c5,1132
OUHC-BS,94c5,74
YNCRC1,441a,3591
MD6,d12c,3400
YNCRC2,2ec7,3440
YNCRC2,76a9,3073
YNCRC1,9d6f,3151
S14,566f,3377
YNCRC2,3bf6,3440
YNCRC2,c1ca,3546
MD11,49f3,3565
CELS,a8ea,3123
CFA,3fb1,813
YNCRC1,30ec,3556
UTSRC,4873,3538
CREATE,8c5f,3556
UHC-BS,1dec,66
OYIH-BS,1dec,943
YIH-BS,1dec,256
LT27-BS,1dec,106
MUSM-BS,1dec,41
CFA,1dec,429
CRECTN,1920,939
YNCRC1,470d,3365
YNCWC,05ca,761
YNCEC,05ca,1954
YNCRC3,05ca,856
S15,5db3,668
OUHC-BS,5db3,2792
ERC,52bf,3470
EA,3108,3583
CNM,7d7c,3593
UT-BS,739c,152
AS8-BS,739c,217
LT19,739c,176
CREATE,739c,243
GRN,739c,1256
ARTSCTN,739c,134
MD1,f2bb,3010
EA,02b7,3214
S17,7350,3579
YNCRC1,9dfc,3579
ERC,8481,2314
ERC,381c,3367
YNCRC1,1cd0,100
ERC,1cd0,121
RC4,1cd0,154
YNCEC,1cd0,93
YNCRC3,1cd0,1406
I3,fd1d,3129
KV-BS,0fe3,3186
E2CTN,0fe3,121
EA,0fe3,286
MD6,7a62,3242
S3,da23,238
S16CTN,da23,197
LT27,da23,636
S10CTN,da23,80
CRECTN,e92c,37
UT-BS,e92c,72
USC,e92c,390
CREATE,e92c,1554
UTSRC,e92c,1439
YNCRC1,e992,3084
S16,f5d4,3414
YNCRC1,2a79,1297
YNCRC1,1d8b,3427
S13,6013,1354
AS5,c855,2967
AS6,c855,440
ARTSCTN,c855,131
CRECTN,4a89,3098
KRT-BS,009e,2330
EHALL,009e,43
CREATE,fbee,55
GRS,fbee,3540
CRECTN,2162,1574
CREATE,2162,1999
MD1,56ae,3567
YNCRC3,b61e,3560
AS5,b3f5,367
AS4,b3f5,271
IT,b3f5,70
MD4,b3f5,208
MD1,b3f5,2526
ARTSCTN,b3f5,125
E6,fd0c,468
OYIH-BS,fd0c,1193
E3,6528,3563
UH,b874,3593
T-LAB,0b35,3377
E3A,7a36,3593
ERC,51de,3208
HSSML,d6e1,2129
LT3,dc9c,52
YIH-BS,dc9c,125
AS8-BS,dc9c,2576
FC,dc9c,122
IT-BS,dc9c,50
MPH,dc9c,470
LT4,dc9c,74
YIH,dc9c,122
TBS,82ce,1269
MUSM-BS,caca,599
UT-BS,caca,271
YNCRC2,73ac,242
YNCEC,73ac,921
YNCRC3,73ac,2434
YNCRC1,1bf1,661
ERC,1bf1,1720
MD1,cb87,1724
YNCEC,85da,2459
KV-BS,1407,2390
AS8-BS,1407,95
YIH-BS,1407,151
AS2,1407,729
AS1,1407,62
S5,cf38,1764
PGP-BS,0325,909
UT-BS,fc74,119
KV-BS,fc74,1050
UHALL-BS,fc74,848
S12,fc74,1126
S13,fc74,237
MUSM-BS,fc74,211
UTSRC,7189,3500
YNCRC1,b802,2983
HSSML,66a7,97
ERC,66a7,1095
SH,66a7,1997
CELS,2830,3248
BIZ1,3041,3532
YSTCM,34d6,1876
UHC-BS,34d6,174
FC,34d6,955
UHC,34d6,487
S16,916a,3484
MD2,7585,64
MD6,7585,37
MD7,7585,732
LT27,7585,995
MD9,7585,188
YNCRC2,298f,2657
YNCEC,298f,928
E1,cbfd,278
UT-BS,5401,438
RH-BS,5401,286
ERC,5401,9
T-LAB,5401,204
YNCEC,5401,833
UTSRC,5401,242
E4,11e5,3420
E4,e96a,3228
RC4,d9d7,347
UT-BS,236a,510
CREATE,236a,97
GRS,236a,2941
USP,a39e,53
RC4,a39e,1889
YNCRC1,a39e,191
UTSRC,a39e,1067
YNCRC1,a0ae,3379
USC,7c56,578
OUHC-BS,7c56,2634
YNCRC1,0854,3410
E5,15b1,1276
E1A,15b1,121
EA,15b1,1901
E2A,15b1,59
UT-BS,0bff,27
UHC-BS,0bff,456
UHALL-BS,0bff,236
S9,0bff,33
S13,0bff,35
CREATE,0bff,718
S8,0bff,1291
CRECTN,20ef,283
UT-BS,20ef,572
CREATE,20ef,2574
THALL,a7d2,2885
MD1,1b89,3538
KV-BS,3a5a,3573
RH-BS,b619,3591
S17,73fb,3585
MD6,4fef,1911
S16CTN,4fef,299
MD7,4fef,128
YNCRC2,65e8,1201
YNCRC1,65e8,107
ERC,65e8,2172
S15,d87e,217
S14,d87e,1480
S10CTN,d87e,61
E2,4a7e,3518
E5,59bc,125
UHALL-BS,59bc,59
E3,59bc,144
AS8-BS,59bc,78
YIH-BS,59bc,99
LT27-BS,59bc,2936
IT,59bc,62
E4,59bc,51
VENT,9e20,1562
UHC-BS,39f3,478
S9,39f3,174
LT27-BS,39f3,69
MD1,39f3,1746
S17-BS,39f3,58
SFAH,79b4,2515
YNCRC1,aba2,3440
MD11,d4f9,3410
UT-BS,336d,150
KV-BS,336d,122
EHALL,336d,2243
FC,336d,288
MUSM-BS,336d,205
KRT-BS,336d,518
OUHC-BS,336d,63
YNCRC1,25ea,3389
KRT-BS,5194,19
EHALL,5194,718
UTSRC,f3aa,3153
E4,937a,3220
E6,d216,963
LT27-BS,d216,406
HSSML,cf4f,407
BIZ1,cf4f,222
BIZ2,cf4f,2829
ERC,c09e,1199
UTSRC,c09e,309
KRH,e297,1639
MD6,649d,3585
YNCRC2,9efe,3145
CRECTN,4a1f,1023
UT-BS,4a1f,1899
CREATE,4a1f,191
UTSRC,4a1f,310
MD7,e3f0,651
E2,0df1,1589
EA,0df1,1851
RC4,3096,3055
CELS,701a,3510
MD6,316a,887
MD3,316a,33
E3A,ff45,3442
AS5,ee07,105
AS4,ee07,161
AS2,ee07,54
AS3,ee07,1056
AS6,ee07,1065
AS1,ee07,589
RC4,37a1,2373
CREATE,37a1,1216
S5,06cd,3309
UHC-BS,4ba2,122
YIH-BS,4ba2,69
IT-BS,4ba2,1720
LT4,4ba2,70
UH,4ba2,1392
YNCRC1,6547,3307
YNCRC1,2963,3290
HSSML,1f19,500
BIZ2,1f19,45
LT18,1f19,132
EA,1f19,2861
LT16,1f19,55
E5,0398,2739
CNLIB,0398,132
UHC-BS,0398,71
IT-BS,0398,436
MUSM-BS,0398,191
RVRG,9455,149
UTSRC,9455,151
GRS,9455,3293
E2,30d0,3326
RC4,ae85,3502
S17,e50a,777
YNCRC3,f0c6,2002
E3A,48b1,3520
HSSML,a7e2,1195
MD1,4358,3532
UCC,99d5,2780
CLIB,08ad,3367
S16CTN,5506,788
LT27,5506,165
MD7,5506,57
MD1,5506,2316
RC4,9391,3508
RC4,8efc,3554
VENT,adad,286
OUHC-BS,a1bf,119
LT27-BS,a1bf,2746
CRECTN,7186,31
CREATE,7186,1565
UTSRC,7186,1971
UH,e8b6,1829
IT,c9f6,3168
MD1,3adf,2706
VENT,eb02,105
CRECTN,e082,756
UT-BS,e082,105
YIH-BS,e082,417
GRS,e082,85
ERC,e082,1954
CREATE,e082,30
PGP-BS,e082,151
E4,6549,1613
VENT,43b9,1439
RC4,110f,3583
AS3,92d3,3133
YNCRC2,a428,40
UTSRC,a428,2796
ERC,a428,129
BIZ2,31ad,3075
TCOMS,1817,187
GRS,3739,43
COM2-BS,68bf,106
AS4,68bf,2987
ARTSCTN,68bf,73
S4,1768,3532
S17,f288,613
E3A,2856,3550
KV-BS,cd96,3055
MD9,006b,3361
RC4,a6a2,907
E3,fe20,3480
YNCRC3,0b02,2047
CRECTN,fba7,193
CREATE,fba7,218
UTSRC,fba7,114
GRS,fba7,2821
PGP10,a6a0,988
CRECTN,a6a0,1491
CREATE,a6a0,454
PGP-BS,a6a0,648
YNCRC2,0feb,3484
LT11,1236,3131
LT4,1236,357
RVRG,53aa,3460
YNCRC1,32ad,34
MD6,78d5,72
PGP18,e77b,1552
YSTCM,e77b,978
PGP-BS,e77b,145
UT-BS,356e,595
UHC-BS,356e,116
UHALL-BS,356e,65
GRS,356e,2687
CREATE,356e,128
ERC,2d50,3575
CNM,e9f1,3001
T-LAB,089f,3565
RC4,1a73,1558
RC4,5964,1643
UTSRC,7b0f,391
CNM,7b0f,3145
LT27-BS,8869,2112
KV-BS,453f,1215
RC4,7722,3208
ERC,3fa8,2815
UTSRC,3fa8,778
UT-BS,9c5b,140
E3,9c5b,69
MUSM-BS,9c5b,269
T-LAB,9c5b,168
CREATE,9c5b,71
UTSRC,9c5b,900
E2A,9c5b,1810
RVRG,d001,3018
VEN-BS,3e78,2761
SFAH,3e78,116
SDE1,7d65,548
S9,8a69,2392
YNCRC1,c679,1378
UT-BS,4332,3530
CREATE,4332,57
EA,b59f,3057
E4,2d7d,3456
BIZ2,c049,3522
LT29,68aa,107
LT27-BS,68aa,78
MD7,68aa,65
MD1,68aa,1216
S16CTN,68aa,1117
LT27,68aa,137
MD9,68aa,121
LT27-BS,0ab1,3404
BIZ1,c04b,3536
UCC,f656,3514
YNCRC3,6b51,2465
CRECTN,078c,82
GRS,078c,63
RC4,078c,996
CREATE,078c,1111
GRN,078c,54
CAPT,078c,326
CREATE,f1db,1492
GRN,f1db,172
ERC,f1db,801
GRS,f1db,115
MD6,f4f2,3595
KRT-BS,479e,1016
ERC,479e,2530
S16,3280,300
S16CTN,3280,1605
PGP-BS,3280,1352
LT27-BS,3280,269
AS2,ad58,3532
BTCTB,465c,62
BTC-BS,465c,2632
LT27,b424,254
MD9,b424,216
CLIB,7316,2696
LT27,605d,3597
YNCRC2,da22,3090
UHALL-BS,be09,1371
TBS,ed33,2455
MD6,5f43,236
AS3,112e,2160
LT12,112e,835
AS1,112e,61
AS2,112e,537
YNCRC1,6986,3230
KRH,c9fb,3044
UHC-BS,a3bc,2976
S16,719f,124
S15,719f,2817
S16CTN,719f,261
S10,719f,58
MD6,810e,3595
S17,cdd2,3036
MUSM-BS,df7f,622
E3,812e,3438
KV-BS,2ccd,51
MD6,4256,2069
YNCRC3,73fe,2196
MD6,3c58,3392
USC,8297,49
OYIH-BS,8297,90
EHALL,8297,399
IT-BS,8297,210
KRT-BS,8297,972
YNCRC1,4af6,3338
S8,8e35,1802
UT-BS,0375,187
YIH-BS,0375,142
GRS,0375,2098
AS8-BS,0375,107
AS2,0375,58
CREATE,0375,283
AS1,0375,663
I4,69f4,965
MD6,b96d,3012
UHALL-BS,f697,152
MD11,f697,78
MD10,f697,12
MD6,f697,1476
LT27,f697,127
S17,f697,589
YNCRC1,b6c8,2700
UTSRC,b6c8,59
ERC,b6c8,818
S16,15b6,3538
CELS,c7a3,3250
MD2,c7a3,133
S16,167f,3191
YNCRC2,93cb,3324
YNCRC1,b947,3431
EHALL,99cf,2527
HSSML,b3d3,2727
ERC,2862,3504
RC4,6505,2976
VENT,d0af,97
AS7,d0af,861
VEN-BS,d0af,189
SFAH,d0af,2156
MPH,406b,3314
S6,2516,1010
TCOMS,c404,45
PGPH7-BS,c404,179
PGP-BS,c404,3301
PGP3,c404,60
YNCRC1,8172,2533
SH,c92c,2229
E4,c915,2965
KV-BS,f5db,345
YNCRC1,b662,3440
LT12,c6d3,889
AS2,c6d3,537
KRT-BS,c6d3,2016
AS3,c6d3,84
AS1,c6d3,61
SDE2,090c,3156
LT1,7ddc,2976
E2,7ddc,370
UT-BS,01c8,60
LT27-BS,01c8,3117
MUSM-BS,01c8,70
CREATE,01c8,227
OUHC-BS,01c8,95
YNCRC2,f45f,347
MD6,a815,3418
AS5,bcad,3381
HSSML,f0c1,1607
YNCRC2,256d,2995
E4,2082,3595
MUSM-BS,2070,97
OUHC-BS,2070,2160
E3,2070,755
YIH-BS,2070,32
ERC,19fd,3563
YNCRC1,6b8e,3082
E2,695a,2463
S7,55c5,3569
E5,1c60,195
OYIH-BS,1c60,3392
CREATE,f92a,51
UTSRC,f92a,717
GRS,f92a,2817
E3,92e9,3193
S16,bbbd,3593
CNM,1e40,2915
MD6,60da,2158
S14,e598,3414
GRN,5fde,112
CREATE,5fde,104
UTSRC,5fde,2145
ERC,5fde,358
EA,2234,387
EW2,2234,2994
EA,ce84,2381
YNCRC1,4246,656
YNCWC,4246,67
RC4,4246,64
YNCEC,4246,111
UTSRC,4246,1674
YNCRC3,4246,76
S9,6ae3,3565
YNCRC2,9c65,3496
YNCRC2,8782,2655
YNCRC1,c7e0,3518
E1,37ce,2443
EW2,45e7,3442
UTSRC,76b5,3532
YNCRC1,93e3,3567
YIHCTN,000d,1396
S16,f097,139
LT27-BS,f097,394
S13,f097,946
S14,f097,386
LT27,f097,1643
BIZ1,23dc,3563
EHALL,173c,3036
YNCRC1,a78f,2694
YNCRC1,3712,3361
E4,46f1,3320
E6,f3d3,316
E3,eb72,3577
MD6,ce0c,3344
ERC,a22c,3589
YNCRC1,6a58,3104
MD6,9d69,110
S6,9d69,112
MD1,9d69,68
MD1,62f9,963
CELS,df7c,1753
MD6,15e6,3073
MD6,0b5c,3387
MD1,0b5c,206
UT-BS,3b54,288
S17-BS,3b54,245
LT27-BS,3b54,48
E1,c5e1,3560
UHALL-BS,f913,19
S14,f913,1864
LT27-BS,f913,1617
E1,2ae1,2873
YNCRC3,8a1f,3318
MD6,f93f,2798
YNCRC1,75ee,3338
SFAH,e9da,3593
MD6,cf35,3367
UH,ff5f,3440
YNCRC1,2cae,3266
RH-BS,c98c,3260
E3,c98c,218
E3A,c98c,95
YNCEC,f6f3,470
CELS,a252,3571
UH,b5dc,1745
KV-BS,2a7d,1044
UTSRC,5f33,3579
E1,b4a1,1119
CRECTN,3cf3,2715
CLIB,c0a7,2733
MD6,903c,266
MD11,903c,3299
MD6,fca4,1649
S13,a3a5,38
TBS,ba43,66
RC4,ba43,196
CNM,ba43,1577
BIZ1,df28,3526
I3,d55e,3595
CREATE,46d3,2523
ERC,fac7,3191
YNCRC1,5343,12
KV-BS,40af,3186
YNCRC2,809e,3567
EW2,8b04,3256
MD1,014a,3278
E3A,7706,3280
E1,9ccb,2075
CELS,fa71,3542
KVG,bd22,2901
HSSML,f550,14
IT-BS,236b,847
E5,236b,63
IT,236b,2630
E4,d810,1478
THALL,9dc4,2400
LT13-BS,9dc4,79
MD6,e8dd,3516
YNCRC2,401f,2919
MD2,2371,99
S13,2371,196
MD6,2371,581
CELS,2371,1342
MD7,2371,186
MD9,2371,1175
EA,3e7e,1742
E2,3e7e,340
E1A,3e7e,133
E4,3e7e,1208
CREATE,461b,440
GRN,461b,2861
GRS,461b,66
GRN,bab6,3567
SH,7b6d,2379
CRECTN,f8d7,1772
UT-BS,f8d7,390
EW1,f8d7,894
E1A,f8d7,80
EA,f8d7,103
CREATE,f8d7,176
E1,f8d7,117
EA,64d0,3579
T-LAB,df65,829
UH,0f36,2788
E6,586f,438
OYIH-BS,586f,507
YNCRC1,bc54,3334
UT-BS,006d,282
EHALL,ea6d,484
E3A,c3cb,3320
YNCRC2,6b45,1273
E4,c90e,3147
RC4,9b03,626
ERC,9b03,2926
UH,a3aa,3552
YNCEC,ce39,3560
THALL,2593,3346
OYIH-BS,2593,178
YSTCM,a5c8,2663
KRT-BS,0187,3563
YNCRC1,d612,34
RC4,6ce2,419
CREATE,ff15,3055
HSSML,8cfa,615
E2,bff6,1148
CNM,bdbd,433
S15,a798,3510
KRH,568e,3593
CELS,a336,2531
YNCRC2,1343,1621
IT-BS,074e,2305
RC4,56f8,205
CRECTN,6b28,3202
UT-BS,6b28,258
E3,190d,3149
YNCRC1,9d4a,3563
YNCRC2,3145,2527
PGP10,f466,3178
PGP-BS,f466,340
YNCRC2,203d,282
CNM,a2a7,702
YNCRC2,c334,3400
MUSM-BS,f46e,1632
COM2-BS,f46e,978
AS4,f46e,324
LT27-BS,f46e,119
ONUSS-BS,8d20,1884
ONUSS-BS,c50b,184
PGP-BS,c50b,719
PGP10,c50b,361
TCOMS,c50b,13
PGPH7-BS,c50b,53
S17,cbad,1119
BIZ1,e891,3149
YNCRC1,29f6,3542
S16CTN,46db,59
S10CTN,46db,2041
MD1,46db,1450
CLIB,287b,1326
ERC,fe29,3518
MD1,f719,988
AS4,4d98,3595
SDE1,095e,3369
OHSSL-BS,10da,267
PGP4,10da,1659
YNCRC1,c80d,3268
YNCRC1,1a09,3416
YNCRC1,cb2a,3595
S2,1201,873
LT27-BS,1201,44
S13,1201,115
MD6,1201,70
CELS,1201,1517
LT27,1201,897
S17-BS,1201,63
CELS,2dfb,813
KRT-BS,6985,138
VENT,6985,103
LT13-BS,6985,57
VEN-BS,6985,57
S16,6ffc,3464
KRT-BS,66b9,359
EHALL,66b9,99
YNCRC1,eb16,3587
YNCRC1,dacd,3468
YNCRC1,ab2c,3534
HSSML,78db,2086
S16,98d4,3454
MD1,fee5,1197
E5,3f49,358
E4,3f49,53
PGP-BS,3f49,2881
OHSSL-BS,3f49,301
E6,6415,1070
E4,8557,2999
MD6,08c9,3540
PGP-BS,1634,3435
MD6,2bdd,3538
YNCRC1,2e4f,1476
TCOMS,ba2f,1745
E4,cb38,2447
CLIBANNEX,9a4e,3406
CLIB,b1c1,1731
CNLIB,b1c1,1801
S15,7b58,3534
ERC,e2ca,3044
YNCRC1,8bfe,3585
MD6,b4bc,2704
YNCRC2,c422,3156
E1,1210,98
E5,1210,3404
E4,1210,36
EW1,1210,49
EA,cdba,3589
S12,51e7,3051
UTSRC,0109,3591
KRT-BS,f92d,3270
IT-BS,f92d,3
AS8-BS,f92d,150
MUSM-BS,b47e,2919
S15,7820,579
S10CTN,7820,17
LT27-BS,7820,2993
RC4,5b41,149
AS2,3b24,3423
YNCRC1,f120,3334
E4,2662,3583
UT-BS,9e7f,502
VEN-BS,9e7f,10
GRS,9e7f,2100
BIZ2-BS,9e7f,175
COM2-BS,9e7f,102
IT-BS,9e7f,119
CREATE,9e7f,92
BIZ1,9e7f,188
TCOMS,d9db,488
RC4,453a,2959
S5,aca6,58
S9,aca6,321
MD1,aca6,2158
UH,0acb,3118
S5,ae2f,2696
S8,7bce,3522
IT,370d,2885
S16,832f,964
UT-BS,832f,245
UHC-BS,832f,90
GRS,832f,41
CREATE,832f,131
GRN,832f,1979
S14,e42a,3389
E6,cce2,1447
E4,cce2,495
E4A,cce2,158
UT-BS,d39c,50
VEN-BS,d39c,66
ONUSS-BS,d39c,3071
MUSM-BS,d39c,115
CREATE,d39c,70
LT4,d39c,63
ARTSCTN,d39c,101
RC4,36ec,2104
IT,bb43,570
S10CTN,bb43,1158
YNCRC1,35d3,3220
AS2,7fda,3552
YNCRC3,8ffe,2909
ERC,12a0,3500
E1,c10e,367
MD1,ee82,3496
BIZ1,979c,3550
VENT,2263,2544
UH,a854,3476
E3A,bfaa,3591
MUSM-BS,31bd,96
KV-BS,31bd,2381
BIZ1,31bd,698
BIZ2-BS,31bd,303
UH,04fe,3324
MD1,5da2,3597
MD11,b302,3512
MD6,fb84,3502
RVRG,7fcf,103
CREATE,7fcf,60
UTSRC,7fcf,149
GRS,7fcf,2638
YNCRC1,3502,2570
YNCRC1,79d5,1548
THALL,37e5,3295
UTSRC,c5fb,3355
YNCRC2,d55d,3398
MD6,bc76,136
MD2,bc76,3449
CRECTN,e0a8,98
CREATE,e0a8,2867
YNCRC1,651e,1911
S13,faca,3563
MD6,59ae,3400
MD1,9b21,1815
KV-BS,c7ce,524
KVA,c7ce,2638
YNCRC1,0194,3276
SDE3,7808,1554
CRECTN,9bd3,1080
S15,9bd3,1009
MD6,9bd3,71
CREATE,9bd3,71
S10CTN,9bd3,44
MD1,9bd3,353
TCOMS,6560,2079
YNCRC1,4921,3383
E6,53fd,2457
OYIH-BS,53fd,1140
SH,fcee,371
IT,8244,3448
MD1,df8d,3268
S16,8956,116
S16CTN,8956,1400
LT27,8956,1260
LT27-BS,8956,365
E5,537c,176
CNLIB,537c,37
CLIB,537c,302
E3,537c,226
USP,537c,66
ERC,537c,119
IT-BS,537c,160
RC4,537c,1394
CREATE,537c,216
UTSRC,537c,236
LT4,537c,73
E2A,537c,166
E1,537c,181
AS6,537c,58
YNCEC,537c,66
E4,537c,78
MD1,69b1,3575
YNCRC1,f55a,3340
UTSRC,e3ef,3591
RC4,a06c,1870
AS6,6b33,3532
YNCEC,3ea9,3530
E4,9056,3472
CLIB,5d96,2445
YNCRC3,8b89,904
UHC-BS,d884,60
S2,d884,1841
UH,d884,920
UHC,d884,770
SDE3,1e35,1512
RC4,5db5,3492
AS4,f7df,889
ARTSCTN,f7df,1568
E5,b48b,56
E3,b48b,58
YIH-BS,b48b,55
IT-BS,b48b,130
IT,b48b,239
OUHC-BS,b48b,2877
E4,b48b,115
YNCEC,9af2,2746
ERC,9af2,720
UTSRC,9af2,125
OHSSL-BS,ce3e,138
PGP-BS,ce3e,2628
BIZ2-BS,ce3e,20
S14,9435,3538
TMSI,0e02,3001
MD1,9815,1831
S16CTN,c8d7,3022
T-LAB,2e8f,2361
E3A,2e8f,1163
YNCRC2,21e5,2985
YNCRC1,21e5,82
PGP2,a38f,3526
S15,0bc6,120
S16CTN,0bc6,283
S17-BS,0bc6,3168
S14,f25a,3548
ERC,0868,2865
AS6,8b34,3518
TBS,fd39,2932
BIZ1,862c,3427
E3A,0f83,3520
UH,8e66,3438
CREATE,85f2,93
UTSRC,85f2,2941
S15,a43d,3522
CRECTN,acbb,2889
CREATE,acbb,41
UTSRC,acbb,256
KV-BS,d9e4,819
EW1,d9e4,376
IT-BS,d9e4,97
CELC,d9e4,88
CLIB,d9e4,2003
SDE2,d9e4,119
YNCEC,4045,3536
YNCRC2,2eae,175
YNCRC1,2eae,1438
YNCEC,2eae,387
YNCRC1,4ca2,2576
OTH,5e1f,2804
LKS,5e1f,31
VENT,cefd,1577
KV-BS,d0eb,3546
T-LAB,9238,3406
S15,66f5,98
S14,66f5,3448
TBS,fef0,3585
E1A,9a9f,3546
E1,4a32,1911
CREATE,9239,840
UTSRC,9239,544
KV-BS,0c87,3135
S5,8594,578
MD1,8594,2708
BIZ1,8b52,2340
S15,cc9c,1552
S16,9823,1516
S16CTN,9823,105
MD1,9823,64
YNCRC1,5223,3522
ERC,1625,3522
YNCRC1,79b2,3440
KE7H,e390,2923
UH,40c5,3575
BREN,8a9e,736
MD11,8a9e,23
MD10,8a9e,53
MD6,8a9e,142
CELS,8a9e,1133
LT27,8a9e,1088
MD9,8a9e,111
UHALL-BS,ca3e,862
PGP-BS,ca3e,2400
S5,2f4e,3585
AS4,a975,168
BIZ1,c74a,3552
MD11,89f1,3069
S15,2cfa,3496
MD6,940b,2821
UTSRC,3829,3538
RC4,b636,1940
CNM,cdbd,2336
YNCRC1,be03,3375
BIZ1,0ce4,3268
LKC,1c0c,3408
E6,7eec,125
E3A,7eec,464
EW2,7eec,53
MD6,51a3,389
OUHC-BS,51a3,3145
S13,86c1,548
YNCRC1,571f,2829
YNCRC2,2b1c,2651
S12,77c0,3496
MD3,9040,195
AS1,9040,355
HSSML,eabf,440
AS2,b102,3544
UHC,233c,3478
MD6,b685,304
LT27,b685,1595
MD10,b685,707
LKC,8280,3550
I3,776b,1449
AS8-BS,5a9f,84
LT27-BS,5a9f,3065
YNCRC1,ff2d,1119
ERC,e582,1796
CNM,e582,960
RC4,2460,3512
E5,f4df,3371
MD6,0791,2698
S17,a974,3536
EA,0eff,2808
ERC,0eff,728
CNM,0eff,10
UCC,824b,3442
YNCRC2,5392,2731
YNCEC,5506,76
ERC,5506,783
YNCRC3,5506,2564
EHALL,781d,2854
VENT,902b,2253
YNCRC1,cd01,3536
S15,e7b3,112
UHC-BS,e7b3,345
USC,e7b3,1267
S14,e7b3,17
OUHC-BS,e7b3,158
BIZ1,c299,3556
MD3,5f4d,49
MD6,5f4d,2361
MD4,5f4d,73
S16CTN,5f4d,66
LT27,5f4d,642
T-LAB,eefe,3563
MD1,ad59,3556
E6,1163,371
OYIH-BS,1163,238
UT-BS,1903,573
CREATE,1903,102
GRS,1903,2819
E6,508c,1936
SDE2,78d9,2515
I3,5099,1922
S3,b1d1,86
YNCRC1,88bd,3404
CRECTN,1409,1452
CREATE,1409,2135
SFAH,adfa,3571
E2,3f33,3476
TCOMS,b751,2465
E3A,e981,3248
HSSML,af83,1655
HSSML,3d5a,3218
USC,0797,2210
UHALL-BS,0797,32
OYIH-BS,0797,55
LT27-BS,0797,1137
OUHC-BS,0797,92
UT-BS,093e,2320
CRECTN,8c7d,341
CREATE,8c7d,115
UTSRC,8c7d,421
S8,00a4,3127
E4,7406,3067
YNCRC2,6876,3338
E4,805e,3290
UT-BS,4529,146
UHC-BS,4529,50
LT27-BS,4529,63
S16CTN,4529,568
MUSM-BS,4529,568
S10CTN,4529,93
OUHC-BS,4529,59
LT27,4529,1892
S17-BS,4529,77
S17-BS,3069,840
MD6,5a45,912
S16CTN,5a45,2681
S8,82fd,3162
YNCRC1,cbca,3573
CREATE,289f,54
GRN,289f,3301
E2CTN,0d64,3546
MD1,f566,3516
PGP6,0d58,3589
EA,7a96,3593
USP,e091,152
RC4,e091,2554
UNK,e091,144
CNM,e091,735
KV-BS,d429,2813
BIZ1,d429,585
VENT,89c7,57
S16,7f5b,271
S16CTN,7f5b,3324
USC,5c76,321
UHALL-BS,5c76,59
LT27-BS,5c76,244
OUHC-BS,5c76,109
PGP-BS,5c76,2692
YNCRC1,943e,3540
E4,68e6,3266
S7,36a3,3579
RH-BS,8e7e,1815
E3,b92c,3484
S16,8cdd,483
LT27,8cdd,510
MD6,bede,3480
MUSM-BS,177a,1406
CELS,177a,1203
MD6,fe37,3375
S5,ad78,3536
YNCRC1,a661,597
UHC,4ddf,2646
MD1,3ba1,1350
AS4,1f60,596
ARTSCTN,1f60,605
YSTCM,2deb,1423
MD6,efef,3593
LT13-BS,b9ef,52
AS8-BS,b9ef,67
COM2-BS,b9ef,59
ONUSS-BS,b9ef,761
THALL,b9ef,2273
LT4,b9ef,35
ARTSCTN,b9ef,145
EA,4082,3558
SFAH,3f7a,2381
YNCRC1,ddbf,3182
YNCRC1,00c3,3246
UH,2038,3468
KRT-BS,9865,109
EHALL,9865,3301
VEN-BS,9865,126
LT11,9865,59
UT-BS,433c,2694
CELS,433c,891
YNCRC2,e80f,2259
MD6,1a2e,3416
MD6,e735,3168
CLIBANNEX,1957,3591
S15,b9ce,3322
CREATE,0562,265
UTSRC,0562,367
GRS,0562,815
YSTCM,7014,3496
ONUSS-BS,98f6,3014
SFAH,98f6,365
ERC,645c,3005
S16,1312,125
S15,1312,237
S9,1312,390
LT27-BS,1312,94
S5,1312,1336
S17,1312,695
E6,44cd,887
UT-BS,4549,100
LT27-BS,4549,253
CREATE,4549,1191
MD1,4549,1935
S16CTN,4549,75
E6,e16d,1423
UHC-BS,2ff4,1873
S9,2ff4,221
LT13-BS,2ff4,114
AS4,2ff4,625
LT8,2ff4,34
MD1,2ff4,609
YNCRC1,1a92,2923
E4,d6da,3534
YNCRC1,3c31,3595
ERC,b7b1,2802
MD11,81b6,3575
E3,b2f9,3575
YNCRC2,66f0,2218
YNCRC1,66f0,1367
UH,5de3,1400
TBS,d813,1504
RC4,a52f,3350
YNCRC1,fb54,2930
E1A,8bcd,1186
IT,c01e,3550
BIZ1,4fca,3569
AS2,1db6,3218
UTSRC,b11c,1250
S16,11f4,3340
SDE2,71f5,1163
HSSML,75a7,1772
YNCRC1,100d,3470
YNCRC1,de74,2959
E3,2905,3512
VENT,1363,57
VENT,7cdf,59
EA,397e,3314
YNCRC2,bb43,3567
EA,ca3b,3496
E3,63c1,2640
YNCRC1,fc90,3581
S12,3dd7,3597
AS2,2fae,3571
YNCRC1,f43b,3114
CRECTN,2530,415
GRS,2530,592
CREATE,2530,244
GRN,2530,2229
UTSRC,2530,115
MUSM-BS,86c5,296
YNCRC3,5d61,3563
BIZ2,80a8,1716
HSSML,1a00,117
VEN-BS,1a00,60
AS8-BS,1a00,61
GRS,1a00,84
ERC,1a00,404
MUSM-BS,1a00,140
CREATE,1a00,312
GRN,1a00,49
SFAH,1a00,58
SH,1a00,1983
LT4,1a00,56
ARTSCTN,1a00,182
AS3,ccf3,1681
S14,6860,3280
LT1,633c,57
E2,633c,71
LT2,633c,167
EA,633c,3290
UT-BS,fb9e,110
UHALL-BS,fb9e,240
YNCRC1,fb9e,2873
S13,fb9e,76
CREATE,fb9e,125
UTSRC,fb9e,120
S14,2382,3540
E4,17dc,3416
MD6,fc77,2451
MD1,c597,3593
YNCRC1,f0b8,3228
UT-BS,6559,108
CREATE,6559,3348
UT-BS,cf9c,356
YIH-BS,cf9c,81
ERC,cf9c,602
CREATE,cf9c,104
OUHC-BS,cf9c,2220
E1,40c7,1345
SDE1,40c7,1969
MD1,c883,3470
KRH,40c8,1499
SH,40c8,96
T-LAB,3427,3512
E2,6fe9,3361
TBS,2c93,3383
EA,574c,3569
CRECTN,8a0d,3585
YSTCM,dc11,3587
MD6,9406,3363
MD1,9406,125
S9,8658,139
VEN-BS,bb1a,3524
E4,aecd,3003
YNCRC1,fa12,3560
UT-BS,3d22,142
KV-BS,3d22,224
UHC-BS,3d22,122
S15,3d22,74
MUSM-BS,3d22,171
KRT-BS,3d22,2689
S17-BS,3d22,122
MD6,4024,495
S13,46b1,3084
IT,c229,3268
CLIB,3696,2018
CNLIB,3696,956
LT4,3696,290
E1,27e9,3254
EW1,27e9,325
YNCRC1,be00,3573
T-LAB,df5f,3494
YNCRC1,7096,3433
YNCRC2,2e00,3293
YNCRC1,dc77,1897
YNCRC1,67cf,3340
HSSML,8bf4,154
UHALL-BS,841b,1289
LT27-BS,841b,160
S14,841b,359
MD6,841b,222
MUSM-BS,841b,484
S17-BS,841b,68
UCC,841b,411
S4,0ed8,3583
ERC,31d0,1304
CNM,31d0,2281
CNM,8d72,2665
S7,7d4f,1522
VEN-BS,f00a,174
YIH-BS,f00a,52
LT27-BS,f00a,2995
ONUSS-BS,f00a,45
IT-BS,f00a,15
SFAH,f00a,138
OUHC-BS,f00a,65
HSSML,31ff,2675
YNCRC2,3536,579
E2,6aba,3464
RC4,86fe,3504
YNCRC1,2ef8,3127
ERC,22ad,3468
YNCRC2,4da0,3458
ERC,5fe4,3530
YNCWC,f0dd,3552
YNCRC1,1596,3112
YNCRC1,4dcd,1201
YNCEC,e60a,3552
OYIH-BS,e8a4,16
YIHCTN,e8a4,3458
YIH-BS,e8a4,76
RC4,eade,911
E1,9fd6,3049
KV-BS,9d1a,913
YNCRC2,4e3e,3344
MD6,5022,2636
E1,b8bc,3593
IT-BS,d7d5,3534
E5,d7d5,61
YNCRC1,08d2,570
ERC,3f93,3542
E1,2f27,3425
EW1,2f27,148
LT13-BS,285a,2328
BIZ2,285a,644
BIZ2-BS,285a,296
ONUSS-BS,285a,72
I3,285a,200
EA,7f4d,604
LT13-BS,7f4d,229
PGP-BS,7f4d,2756
AS8,48dc,3472
YNCRC1,44bb,133
LT19,2852,548
BIZ2,2852,729
YNCRC1,5608,3534
SFAH,f39e,3593
KRH,4b64,30
RC4,8cd8,378
GRN,8cd8,1391
GRS,8cd8,115
RC4,c069,3195
E3A,143b,3526
YNCRC2,4a2b,3062
ONUSS-BS,8036,2178
BIZ1,42e3,326
EW1,0718,2899
SFAH,0267,3456
T-LAB,c245,3276
FC,f9be,3548
E5,2d41,951
LT13-BS,2d41,502
BIZ1,2d41,908
BIZ1,950b,3268
E3A,b0dd,3307
YNCRC1,941e,3571
YNCRC1,983e,3464
S14,79bc,3522
CLIB,6727,2064
AS6,6727,1531
ERC,f2a0,3595
S15,7b2d,3195
S9,7b2d,188
S10CTN,7b2d,93
IT,dd6e,3156
ERC,0e0c,3496
SH,1334,3565
SFAH,cf74,1995
UTSRC,4d63,2519
MD6,c972,2184
BIZ2,4ff3,2790
GRS,f7a0,2303
YNCRC3,7700,3552
RVRG,1669,960
S14,1669,241
YNCRC2,f18c,3534
E2,9c4a,3502
E5,026b,60
E3,026b,823
IT-BS,026b,230
IT,026b,133
E4,026b,91
S17-BS,026b,2092
MUSM-BS,56af,154
IT,56af,1457
UTSRC,56af,278
ERC,56af,396
S14,bb2e,3100
MD1,bc84,3295
YNCRC1,a22e,3040
IT,86fb,825
YIH-BS,86fb,2750
SH,cd2d,2837
RVRG,8c6a,636
CLIB,8bb2,2588
IT-BS,8bb2,203
AS8-BS,8bb2,285
SDE4,8bb2,418
UTSRC,80bb,1538
ERC,80bb,1234
E3,959e,3329
MD10,1c1b,49
YNCRC1,3c73,3528
HSSML,f20d,533
BIZ2,f20d,17
SFAH,7ae7,920
SH,7ae7,493
BIZ2-BS,7ae7,2139
EW2,0c42,3542
EA,502e,3226
BIZ2,ccc8,2453
TBS,2ec4,1722
UTSRC,2ec4,1690
TBS,c03b,2463
ERC,c03b,1089
YNCRC2,6128,3423
YNCRC1,fb0d,3504
AS8,0159,3575
SDE1,53a3,3550
MD6,1a10,3425
RC4,71d4,1074
E4,4f12,49
CLIBANNEX,f80a,185
CNLIB,f80a,174
AS8,f80a,760
AS8-BS,f80a,1425
CLIB,f80a,832
AS1,f80a,219
YNCRC1,3eff,2763
S16CTN,0151,441
LT27,0151,421
THALL,8cbc,2505
VEN-BS,8cbc,63
YNCWC,69d2,3448
BIZ2,24f3,1169
YNCRC1,0e31,3571
LKC,0618,69
AS8-BS,0618,115
ONUSS-BS,0618,76
SDE4,0618,139
SFAH,0618,2234
UCC,0618,921
YNCRC2,fc0c,510
YNCRC1,fc0c,87
YNCRC1,bb44,3342
UT-BS,383d,212
UHALL-BS,383d,87
GRS,383d,3114
CREATE,383d,112
OUHC-BS,383d,70
UH,cb4b,3114
MD6,e6c2,2186
E3,1100,3416
RC4,317e,399
BIZ1,b717,1332
CREATE,920c,56
GRN,920c,887
E2A,920c,2117
EW2,173d,2887
HSSML,cfd4,1619
BIZ2,cfd4,1925
RC4,7c4f,2725
CELS,0199,3520
E4,c7c9,3595
YSTCM,37e2,3583
MD6,729b,3498
MD11,fe1d,339
MD2,fe1d,880
E1A,e911,754
EW1,e911,1274
MD10,3fe9,3571
MD1,2257,2897
EW2,3455,581
BIZ2,be64,3498
YNCRC1,aeff,3387
MD6,a72a,3044
YNCRC1,84c7,2044
E3,b99d,3369
TBS,a32b,3550
IT,07e1,3307
HSSML,a79e,1796
BIZ1,a79e,375
BIZ2,a79e,1264
UT-BS,c4ff,202
EA,c4ff,1770
GRS,c4ff,1506
MD6,4121,3577
E5,bfcf,162
EA,bfcf,542
LT4,bfcf,164
TMSI,bfcf,101
E1,b398,3433
S15,92a2,3575
S10,a677,3534
SH,f05e,3486
YNCRC1,74d1,3462
RC4,1fc6,1429
YNCRC3,b5b4,3595
LT27,0a31,3563
BIZ1,254a,2928
E5,5940,3532
KRH,ae34,3597
YNCRC1,c29a,3490
YNCRC2,916a,3583
YSTCM,7e2a,3184
S17,9ff3,3377
E4A,dce0,3575
UT-BS,ace2,225
YIH-BS,ace2,660
GRS,ace2,2277
CREATE,ace2,72
BIZ1,ace2,298
UTSRC,30fa,3460
YNCRC3,ecfd,3595
E6,26aa,3546
TBS,f74e,132
YNCEC,f74e,1917
CELS,0699,513
E5,9cd5,3567
CREATE,f68e,2014
S13,d520,3404
E4,0b6a,3558
RC4,119c,2634
KV-BS,5ae6,2279
CPT,6119,3585
CLIB,3567,2786
LT4,3567,123
MD6,20de,3116
YNCRC1,ff37,3262
UT-BS,0e08,146
YIH-BS,0e08,36
LT27-BS,0e08,193
GRS,0e08,61
ERC,0e08,979
CREATE,0e08,60
OUHC-BS,0e08,70
PGP-BS,0e08,1895
MD6,ec92,1380
S5,bcf0,3404
YNCRC2,809c,3444
YNCRC1,9daa,3444
CLIB,a517,1159
YNCRC1,069d,3587
YNCRC1,1df3,1601
S8,ae44,3556
S2,64e1,369
IT,6da8,3316
MD10,691f,1583
MD9,691f,428
EW2,691f,147
E3,8f08,3051
YNCRC1,54ea,1810
S16CTN,14d3,3110
S10,14d3,48
UHALL-BS,3709,70
PGP-BS,3709,3488
E3,2dc7,3193
GRS,77cd,498
MD6,e26f,3558
YNCRC1,0298,3522
CRECTN,c3d0,2324
S15,ee67,2369
CPT,b24b,3369
KRT-BS,8a68,476
EHALL,8a68,665
OYIH-BS,8a68,538
USC,8a68,178
T-LAB,8fcf,3174
KRT-BS,354f,3392
UT-BS,98a1,543
RC4,98a1,580
PGP10,7b54,3597
AS6,6e72,3563
BIZ1,3d59,1617
YNCRC2,58d9,2121
BIZ1,95d2,3583
ERC,225d,3462
YNCEC,7769,3500
S17,26e2,1899
S17-BS,26e2,36
LT27-BS,26e2,1621
ERC,5f53,3498
CRECTN,43da,2416
CREATE,43da,105
GRN,43da,55
GRS,43da,77
MD6,eb83,3085
S9,eb83,276
E4,3db5,3595
T-LAB,e9be,3480
BIZ1,00ba,3268
UT-BS,0d32,60
CREATE,0d32,3470
THALL,6a9d,3530
S15,34de,86
S14,34de,28
LT27-BS,34de,3392
LT13-BS,083b,359
UTSRC,083b,1211
SFAH,083b,1680
EW2,c563,3067
YNCEC,ab94,3544
UHC-BS,07de,118
S17-BS,07de,677
MD6,b9ec,2047
YNCRC1,a71d,2997
HSSML,624b,65
OYIH-BS,624b,55
UHC-BS,624b,123
AS8-BS,624b,141
COM2-BS,624b,84
ONUSS-BS,624b,66
MUSM-BS,624b,44
OHSSL-BS,624b,84
KRH,624b,2881
ARTSCTN,624b,40
PGP10,0c3e,3178
PGP-BS,0c3e,356
HSSML,974f,107
VENT,974f,1528
BIZ2,974f,1071
LT18,974f,171
SFAH,974f,718
UTSRC,a14c,2753
ERC,a14c,477
AS2,fdbb,3228
PGP-BS,2f57,3595
SFAH,2dd9,3116
S5,e503,3418
E4,8f50,3014
YNCRC1,5595,1981
UTSRC,5595,904
ERC,58ef,3456
MD1,e9ba,2857
TBS,abee,3258
ERC,abee,109
BIZ1,579a,3579
MD3,9c93,3272
E3A,5f7c,880
T-LAB,9cbe,3484
YNCRC1,f633,3373
E3,29fe,3098
ERC,d235,3446
UTSRC,d235,137
UTSRC,e12d,1689
MD4,2b74,3492
BIZ2,df9f,3556
S16CTN,e8ed,3506
LT27,e8ed,73
RVRTB,7292,3595
ERC,8f61,698
GRS,8f61,2748
RVRG,761c,72
ERC,761c,3044
E2,2356,3581
CREATE,a2d4,3573
BIZ2,ed9a,3462
THALL,dc9d,3250
S3,52c1,2573
S2,52c1,1018
YNCRC3,3048,478
YNCRC2,d6df,2861
UT-BS,04b2,24
YNCRC2,52e0,3516
LT19,6d82,2706
UHC-BS,1e80,31
SDE4,1e80,114
KRT-BS,1e80,2220
OUHC-BS,1e80,127
S8,1e80,624
RC4,1bb2,1911
UHC-BS,7742,801
LT27-BS,7742,108
S5,e7b0,3577
HSSML,f710,163
LT18,f710,139
BIZ2,f710,1217
RC4,1ee5,1027
UTSRC,6b4b,1911
GRN,c0dd,344
UTSRC,c0dd,473
GRS,c0dd,533
T-LAB,dff3,854
KV-BS,dff3,1861
E3A,dff3,32
AS1,fcb0,3488
CELS,83b7,3151
S16,3105,3189
BIZ2-BS,a868,1419
KRH,967b,2995
SH,967b,134
UT-BS,95e5,110
RH-BS,95e5,116
ERC,95e5,1203
MUSM-BS,95e5,268
CREATE,95e5,641
GRN,95e5,127
KRT-BS,95e5,478
YNCEC,5a9a,1445
YNCRC3,5a9a,1901
S16CTN,cffb,2459
MD7,cffb,239
MD1,cffb,72
YNCRC1,d3d6,2829
HSSML,cc13,1193
KE7H,cc13,1516
BIZ2,cc13,131
BIZ2-BS,cc13,58
PGP4,cc13,101
I4,cc13,56
BIZ1,cc13,229
TCOMS,cc13,61
PGPH7-BS,cc13,177
MD6,dbf3,3423
BTC-BS,fc16,3476
YNCRC1,2f43,3318
MD6,9b82,3575
BTCCTN,d94c,613
EA,8a90,3329
RC4,b31f,1256
YNCEC,b31f,62
ERC,b31f,2166
UHALL-BS,ecae,2999
UHC-BS,ecae,45
YIH-BS,ecae,52
MD1,4eb7,3585
IT,5866,3149
YNCRC3,809f,3332
T-LAB,ac4d,2200
SDE1,8cac,918
SDE2,8cac,2677
PGPCTN,3187,3100
PGP-BS,3187,108
ERC,72d7,3554
RC4,136b,943
ERC,136b,2261
YNCRC1,7023,1593
YNCRC2,4a89,1435
OYIH-BS,d0ee,98
BIZ1,cd61,3536
MD1,3e16,3174
EA,fee3,3387
YNCRC3,4eae,2615
S16,3a31,232
LKC,3a31,39
S6,3a31,70
BREN,3a31,207
MD6,3a31,1653
MUSM-BS,3a31,975
RVRG,3a31,185
S16CTN,3a31,202
E6,665b,168
MUSM-BS,26af,1776
OUHC-BS,26af,318
MD6,e187,1708
YNCRC1,3d59,3238
AS1,578d,2170
ERC,18e0,3212
RH-BS,5b82,70
OYIH-BS,5b82,480
YIH-BS,5b82,532
MD1,6578,3248
S16,3245,1343
LT27-BS,3245,2086
MD11,f2ee,3230
MD4,f2ee,86
MD10,2a70,761
E4,a005,3377
EW2,d29b,3410
YNCRC1,6f0c,3236
YNCRC1,3592,3550
GRN,a54e,3236
BIZ1,2805,578
BIZ2,2805,2932
MD11,b751,3534
USC,db39,230
UHC,db39,3357
KVA,78c6,3452
E4,4073,2776
YIH,1f36,1938
E4,962d,2333
E3,962d,490
E2A,962d,326
MD1,8e0b,1052
MD1,28d1,3556
T-LAB,0c88,3440
E1,bf31,40
E2,bf31,3156
E3,bf31,331
E2A,bf31,56
S16,be4e,3438
YNCRC1,92a2,2717
MD9,65e6,3444
ERC,ec03,3476
MD10,a919,2515
EA,e3cd,2995
KRT-BS,5bab,1010
LT27,26d5,3546
EW2,bfea,657
RH-BS,3472,1737
USC,3472,258
E5,1a4f,174
E3,1a4f,1689
EA,1a4f,987
E2,1a4f,121
E4,1a4f,602
S16,39b7,498
S15,39b7,1417
MD11,39b7,382
MD7,39b7,689
LT27,39b7,54
CRECTN,ddc3,1516
ERC,5e8e,3406
ERC,5e67,3367
MD1,fa15,3490
UT-BS,242f,1295
CREATE,242f,109
GRN,242f,100
YNCRC1,3384,3270
E3,2b0d,3593
VENT,0383,3329
RC4,c156,3510
E5,b2b5,3482
E3,b98b,3264
YNCEC,99aa,120
YNCRC1,99aa,40
UTSRC,99aa,3168
ERC,99aa,72
KE7H,e8c0,3020
E5,69fd,947
CELS,02bc,2841
MD3,c504,3355
RC4,414f,3084
YNCRC1,4ad4,3536
CRECTN,bd12,475
CREATE,bd12,64
GRN,bd12,1675
S2,7add,1181
YNCRC1,6829,2293
KRT-BS,52ab,1516
FC,c9ac,3166
AS7,b779,2410
YNCRC1,d0be,1143
YNCRC1,a463,3238
UTSRC,a463,331
UH,308d,3329
YNCRC1,b883,2196
YNCRC1,78cc,3141
AS1,51ce,2596
CELS,d2ba,3536
PGP-BS,6052,1100
SFAH,6052,881
KV-BS,717b,2852
PGP-BS,ae66,80
YNCRC1,f844,3522
UT-BS,dde9,264
CREATE,dde9,3234
CRECTN,dbb6,121
UT-BS,dbb6,431
UHC-BS,dbb6,78
YNCRC1,dbb6,117
S5,dbb6,80
YNCWC,dbb6,1199
CREATE,dbb6,78
UTSRC,dbb6,160
MD1,dbb6,168
S16CTN,dbb6,96
S17,dbb6,52
IT-BS,2e2b,3133
E4,98ad,3532
YNCRC2,10f1,3375
YIH,6139,3433
YNCRC2,3dc2,3494
YNCRC2,3f8d,3565
CELS,447b,1897
E2CTN,7b90,1088
YNCRC1,f880,2222
S16,c733,3478
MD1,49f3,3320
S16,3650,260
UHALL-BS,fab8,681
S16,052d,1644
S16CTN,052d,540
ARTSCTN,052d,651
LT27-BS,052d,101
T-LAB,97c7,3540
E3A,4782,95
EA,4782,3472
UHC,a047,158
MD11,0f19,2729
E1,befb,3088
S15,fd10,3579
S6,b8be,2
E3A,bc87,3595
YNCRC2,318b,2582
S13,1c73,3528
YNCRC1,5b8b,2041
TBS,8a95,3387
MD6,d429,3472
MD1,d429,77
MD2,d429,34
YNCRC1,9cc6,3060
HSSML,1293,64
KV-BS,1293,2383
LT13-BS,1293,29
VEN-BS,1293,66
YIH-BS,1293,136
BIZ2,1293,58
BIZ1,1293,710
LT4,1293,55
OHSSL-BS,1293,90
MUSM-BS,1ca3,59
LKC,1ca3,1920
USC,1ca3,1487
KRH,0f06,2602
S17,550f,3208
ERC,464e,2560
I3,b2c8,40
E4A,549e,679
E1A,549e,53
EA,549e,1078
EW2,549e,1493
E1,549e,76
YNCRC1,8562,3433
S8,1289,3579
PGPH7-BS,7171,68
ONUSS-BS,7171,68
AS8,7171,108
E6,34f9,399
E4,34f9,180
E3,34f9,214
E4A,34f9,51
E5,6e94,3290
E3,9b53,34
E3A,9b53,189
RH-BS,9b53,2381
E2A,9b53,123
E4,9b53,664
LT5,9b53,174
EA,78f7,1353
PGP-BS,78f7,215
YNCRC1,49f4,3472
MD3,a3fd,2863
KRT-BS,f9d8,1191
EHALL,f9d8,2135
IT-BS,f9d8,202
E1,fe25,872
E1A,fe25,92
EA,fe25,1591
EW1,fe25,274
TCOMS,b5ac,749
YNCRC2,fd0f,2879
BIZ1,73d8,3359
MD1,9e68,3595
MD1,f5fb,121
LT27,f5fb,1070
MD7,f5fb,763
MD6,3e6f,3548
SDE3,241c,2574
CELS,4b56,1373
YNCRC1,2cce,3361
BIZ2,af9b,3394
T-LAB,1d01,3587
ERC,decc,3569
YNCRC1,0c95,3554
AS5,02b9,1398
AS4,02b9,2098
YNCRC1,f3f6,3400
UTSRC,f3f6,197
PGPCTN,b30c,1920
PGP-BS,b30c,815
YNCRC2,800c,70
RC4,0be0,2869
ERC,0be0,720
CRECTN,2c1a,300
UT-BS,2c1a,236
E5,2c1a,102
IT-BS,2c1a,141
IT,2c1a,116
CREATE,2c1a,235
GRN,2c1a,949
E1,2c1a,1443
RVRG,079a,1922
MD6,da7c,3581
MD1,3e90,3301
UH,3807,3309
LT27,3225,1439
S14,3225,1984
LT27-BS,3225,113
VENT,2a5d,2283
BIZ1,d855,95
ONUSS-BS,d855,2028
UHC,f47c,3414
CELS,3995,3534
YNCRC1,8dce,3316
YNCRC1,3568,2712
UTSRC,3568,388
ERC,3568,372
YNCRC1,3b30,1267
TCOMS,e7d8,1876
YNCRC1,889c,3500
T-LAB,9b3a,3408
OYIH-BS,2a95,3530
E4A,66b6,3558
CREATE,0da4,431
UTSRC,0da4,1869
YIH-BS,0da4,100
ERC,0da4,675
CRECTN,a5a2,1429
CREATE,a5a2,196
GRS,a5a2,1970
E1A,14c9,3577
IT-BS,14bf,63
OYIH-BS,14bf,3139
AS6,14bf,270
T-LAB,8ff2,3480
VENT,17cb,174
MD6,7edd,1741
ERC,c1d4,1538
EW2,a241,2885
E3,30f8,938
AS8-BS,30f8,2273
IT-BS,30f8,123
IT,30f8,121
E4,30f8,41
VENT,5d85,2328
HSSML,10d8,139
MD6,e1c0,3468
UHC-BS,c62e,431
YIH,c62e,2125
MD6,4377,1463
MD7,4377,1991
E1,f847,3522
UTSRC,3a2d,3595
RC4,bae0,3552
PGPCTN,fb46,1920
PGP-BS,fb46,587
E5,7a93,3554
YSTCM,de3b,2441
USC,f714,50
UHALL-BS,f714,2999
UHC-BS,f714,61
OUHC-BS,f714,54
UT-BS,4a7c,603
GRS,4a7c,78
ERC,4a7c,42
CREATE,4a7c,96
PGP10,4a7c,2326
PGP-BS,4a7c,415
E3,e922,377
E2CTN,e922,337
E1A,e922,443
VEN-BS,e922,2129
BIZ1,cda2,3595
RC4,dcaa,3567
MD6,fc6b,205
PGP-BS,fc6b,2979
SFAH,98fa,3069
PGP3,c464,1751
PGP10,6806,1954
ERC,08be,1437
YNCRC3,08be,2156
T-LAB,652c,3193
PGP-BS,e0df,2865
BIZ2,32b9,3484
ERC,c8cf,3577
MD9,8b1c,3478
E3A,2154,2402
MD1,a373,918
YNCRC3,6347,3542
MD1,0670,3286
HSSML,fdc1,2905
RC4,6111,3355
CLIB,cb6b,3522
CLIB,8439,1611
E1A,93b3,1172
EA,93b3,2310
KRT-BS,463d,195
CNM,1eef,1700
CNM,f1db,2609
HSSML,bbfe,1287
USC,ce12,3540
SFAH,5501,3290
YNCRC1,cc45,3524
ERC,f48a,3476
CNM,f48a,70
YNCRC1,94e9,3478
YNCRC2,3431,45
YNCEC,3431,819
E4,a359,3589
ERC,e69d,1445
YNCRC1,ce1c,3137
E4A,f6bd,2314
UT-BS,a04c,72
YIH-BS,a04c,162
UTSRC,a04c,518
SFAH,a04c,98
PGPH7-BS,a04c,2719
YNCWC,0c3a,76
RC4,0c3a,2813
YNCRC3,0c3a,470
CRECTN,2cc2,1737
CREATE,2cc2,120
HSSML,1b2b,1855
S8,5a3e,3371
S16,39ce,317
S15,39ce,87
S13,39ce,335
S14,39ce,115
S10CTN,39ce,245
LT27,39ce,1800
MD9,39ce,6
RC4,c744,3420
YNCEC,c744,118
YNCRC3,2a15,3540
UHALL-BS,baa5,95
LT27-BS,baa5,1560
S9,4f57,2566
S16,203b,1699
S15,203b,1801
YNCRC2,d74b,2550
VENT,ab9b,36
UT-BS,52f1,2638
BIZ1,52f1,804
CELS,83f1,3444
E1,0fcf,1401
E4,0fcf,2041
TCOMS,0be2,373
KRT-BS,6e3b,1242
UT-BS,4277,112
UHC-BS,4277,110
UHALL-BS,4277,82
S13,4277,120
S7,4277,45
CREATE,4277,3116
YNCRC3,7bca,3200
UT-BS,3ae1,548
BIZ1,3ae1,840
GRN,3ae1,2032
UTSRC,d575,3571
GRN,5834,31
GRS,5834,1550
ERC,5834,1949
E5,fb19,2952
RC4,4ff8,2657
T-LAB,7710,3558
SFAH,2a13,3577
BIZ1,f406,2453
SFAH,f406,191
HSSML,695f,2373
VENT,e131,3486
E4,44c2,1669
E4,a1c3,3546
BIZ2,bb47,304
LT13-BS,bb47,22
VEN-BS,bb47,58
LT4,bb47,1320
S13,eb35,1936
CNM,5b1e,2618
RC4,8eee,2390
PGP-BS,6502,3482
ONUSS-BS,b8fe,2172
OYIH-BS,01ad,2214
AS7,01ad,43
AS8-BS,01ad,63
YNCRC3,6140,3468
YNCRC1,8b30,2763
S14,31b4,3133
E1A,f0a7,1141
UTSRC,cbee,3514
YNCRC1,b29c,3049
RC4,a002,1971
RC4,5d0e,2104
S16,7fe0,174
LT27-BS,7fe0,2961
YNCRC1,3581,3252
MD1,3847,3367
MD1,f6ef,3127
S16CTN,2d11,2312
CRECTN,f47f,781
GRN,f47f,37
GRS,f47f,1200
CLIB,14a9,1165
UH,14a9,1253
RC4,1edd,3597
EA,8f76,3581
IT,fb89,3202
BIZ1,4a0f,3565
E6,24f8,2308
LT13-BS,6823,2006
VEN-BS,6823,80
VENT,8e00,3486
S16,08c3,47
UT-BS,08c3,125
S15,08c3,58
S8,08c3,215
RVRG,08c3,115
CREATE,08c3,2279
S16CTN,08c3,50
S17,08c3,61
CNM,0577,2976
YNCRC1,1626,3512
BIZ1,9a2f,3250
YNCWC,b57c,224
YNCRC2,b57c,977
YNCEC,b57c,946
YNCRC3,b57c,1416
E1,c294,3595
UTSRC,013f,3100
OYIH-BS,d80c,409
S2,d80c,943
PGP10,5804,2570
UHALL-BS,5804,351
PGP-BS,5804,128
YNCRC3,d67b,2659
YNCRC3,a9c3,143
YNCWC,c501,74
YNCRC3,c501,28
YNCEC,c501,114
CNM,c501,2212
EA,a0a3,3556
YNCRC1,97dc,3512
ERC,4a97,3496
YNCRC3,3b66,1219
VEN-BS,56fe,103
YIH-BS,56fe,80
BIZ2,56fe,1359
COM2-BS,56fe,195
ONUSS-BS,56fe,59
OUHC-BS,56fe,1238
E3A,3a03,2708
I3,be39,1516
RC4,733b,2863
CELS,f099,3234
CLIB,741d,3359
YNCRC1,6410,3398
S1A,de84,3238
IT,8bf8,3558
SH,2226,3394
MD2,7d9c,3164
E1,bb69,3546
S12,5174,3486
I3,3c2b,3522
LT27,a20d,926
CELS,a20d,261
MD9,a20d,88
LT27,df0a,702
MD9,df0a,322
S16,7c11,2669
S17-BS,7c11,330
LT27-BS,7c11,93
EW1,c88b,3482
OUHC-BS,fee5,1207
SH,4c1d,2609
HSSML,4995,3197
S16,b89b,3377
LT20,3578,3385
S17,b24f,3597
BIZ1,f76b,1634
HSSML,8831,2710
S16,73d0,3316
MD11,3d55,3516
EW2,14c5,3597
CREATE,ea6e,225
UTSRC,ea6e,1922
LT11,3b27,173
KV-BS,3b27,2467
LT13-BS,3b27,11
BIZ1,0666,3518
CLIB,81de,1100
UTSRC,bd50,3528
RC4,73fa,2632
MD1,f56d,704
S16,b8e0,2453
ERC,78e4,3149
YNCRC2,0051,3482
YNCRC1,77b2,1934
E1,c85d,3563
CNLIB,8995,252
BIZ2-BS,8995,909
IT-BS,8995,1743
I3,8995,229
CLIB,8995,91
OUHC-BS,59e1,468
LT27,59e1,110
UHC-BS,59e1,329
LT11,e8e2,66
KV-BS,e8e2,2385
LT13-BS,e8e2,33
OYIH-BS,e8e2,117
HSSML,e8e2,72
BIZ2-BS,e8e2,134
RH-BS,e8e2,72
BIZ1,e8e2,708
S16,68dc,3595
PGP10,5a45,3055
PGP-BS,5a45,153
MD6,e8ed,68
RC4,2403,3067
UH,42c3,2765
YNCRC1,a9f9,3334
MD1,5f6f,3544
UT-BS,2828,355
YNCRC1,2828,613
ERC,2828,2501
CREATE,2828,38
GRN,2828,64
LT13-BS,d791,831
MD1,cdf2,2983
YNCRC2,3e35,3440
CELS,de0d,2919
YNCRC1,c833,3250
MUSM-BS,feb4,2560
UTSRC,feb4,1021
E4,b947,3392
E2,b7a8,3410
BIZ1,6332,1378
E1,0f76,99
SDE3,0f76,958
SDE1,0f76,1719
SDE2,0f76,762
YNCRC1,6a16,3591
MD11,f551,2521
ERC,7305,2903
MD1,5bc5,3571
YNCRC1,c6a7,3303
UHALL-BS,6333,2739
S13,6333,801
MD6,e506,2976
UTSRC,3355,3589
E1,4f3e,2710
YNCRC1,669b,3544
YNCEC,e63a,3297
VENT,fb95,3468
UTSRC,51d9,2044
RC4,04d5,1760
SDE4,33fa,3567
RVRTB,6bf1,1378
UT-BS,91c4,2511
BIZ1,91c4,811
MD6,3939,3542
YNCRC1,7b57,3516
KRT-BS,7902,2511
LT11,7902,66
AS2,7902,872
VEN-BS,7902,61
MD6,f4b2,3299
HSSML,3126,126
AS5,3126,2142
ONUSS-BS,3126,78
TCOMS,3126,60
PGP-BS,3126,222
S16,7cdd,242
S15,7cdd,1423
LT27-BS,7cdd,113
MD3,7cdd,150
MD10,7cdd,64
MD6,7cdd,208
MD7,7cdd,180
MD1,7cdd,885
LT27,7cdd,70
S17-BS,7cdd,246
EHALL,643c,442
S7,ba61,3385
YNCRC2,1f5b,889
UT-BS,8204,573
CREATE,8204,2921
ERC,76a6,3595
EHALL,b3c6,2985
YNCRC1,949c,3276
TBS,37f3,3420
LT11,bbd6,2723
LT13-BS,bbd6,122
BIZ1,bbd6,532
SH,c0ac,607
CELS,77ed,3206
ERC,43e1,3182
BIZ1,a34b,2829
YNCRC2,0779,704
MD6,bddc,3418
MD11,bddc,96
YNCRC1,8590,3595
YNCEC,a12c,3135
AS2,d546,3264
YNCRC3,b48e,3248
GRS,ba24,1265
E5,8649,84
E4A,8649,69
EW2,8649,3232
CNM,d275,3452
GRN,b72e,2640
UTSRC,b72e,27
YNCRC1,5f1b,611
HSSML,bf42,3053
RC4,007d,3577
YNCRC1,3984,2114
S6,a6e4,1564
S5,ae7a,30
YNCRC2,e536,1445
YNCEC,e536,1450
E6,62d7,492
S7,491f,3530
MD1,0d18,3593
YNCRC1,0b53,2414
YNCRC1,1c0c,3200
ERC,e7fa,3392
PGP-BS,ad98,1868
UTSRC,07aa,2394
S17,c166,3326
RH-BS,55de,410
E3A,55de,1396
MD6,1977,3248
KVG,ea27,1717
KV-BS,ea27,325
KVA,ea27,1009
RH-BS,fd71,431
PGP-BS,fd71,1254
RC4,ce1b,114
CAPT,ce1b,226
GRS,ce1b,2653
ERC,cbc0,3162
CLIB,aa05,3440
MD1,e6e4,3352
UTSRC,5c6b,3587
UT-BS,7b40,47
E3,7b40,67
GRS,7b40,2158
E1A,7b40,376
MUSM-BS,7b40,526
CREATE,7b40,121
E1,7b40,49
E4,7b40,202
YNCRC1,5566,1421
E3,eb70,2667
S16,e255,3565
S15,71af,126
UHC-BS,71af,33
EHALL,71af,319
S14,71af,442
KRT-BS,71af,1932
OUHC-BS,71af,210
UTSRC,5c2d,3581
RH-BS,97a9,2338
E3A,97a9,45
AS3,8e37,2626
MD1,a2f1,3260
RH-BS,e9f4,1819
S16,87e4,1573
CFA,a53a,568
MD6,fe50,3433
S16,1a1a,665
YNCRC2,640c,3454
AS2,1e4f,573
AS1,1e4f,2941
E1,b821,3534
AS5,9c2b,3435
MD6,5e65,605
HSSML,cdcc,3542
ERC,7f23,3508
YNCRC2,ff24,3538
YIHCTN,6869,3524
E4A,acea,14
EW2,acea,781
E1,acea,606
E4,acea,89
LT5,acea,54
S5,044a,51
S6,044a,45
S9,044a,269
T-LAB,b11b,3567
AS2,a9f6,3266
SDE1,81c3,1765
SDE3,81c3,929
EA,c038,3591
CRECTN,cab4,963
MUSM-BS,cab4,99
T-LAB,cab4,476
CREATE,cab4,443
UTSRC,cab4,441
T-LAB,473f,3297
YNCRC1,4f5e,3373
E4,f042,3030
CREATE,5040,39
UTSRC,5040,1099
GRS,5040,2457
MD1,7bee,3338
T-LAB,134c,3450
LT18,eceb,2059
BIZ1,eceb,734
S17-BS,eceb,363
ARTSCTN,eceb,382
UTSRC,a896,2527
S16,563d,2993
YNCRC1,3aa1,3569
UT-BS,b8d1,89
KV-BS,b8d1,2611
UHC-BS,b8d1,96
UHALL-BS,b8d1,142
MUSM-BS,b8d1,530
S8,b8d1,115
EA,5833,3476
KV-BS,4bd8,2969
SFAH,4bd8,392
LKC,1734,3055
YNCRC2,8b9a,2717
E5,5214,3540
I3,e762,1542
VENT,7f11,32
MD6,8b6a,3166
MD1,8b6a,302
E3,9d75,3442
YNCRC2,0cd0,3293
UH,46c1,3597
YNCRC1,4804,3012
E4,5163,3589
S7,2846,3587
THALL,4a83,3508
YNCRC2,91bb,1135
YNCRC1,91bb,107
ERC,91bb,359
S17,5c43,2665
LT19,f888,57
BIZ2,f888,2996
HSSML,1a8d,140
BIZ2-BS,1a8d,472
OHSSL-BS,1a8d,62
SH,1a8d,1839
PGP-BS,1a8d,150
YNCRC1,86b0,3567
E6,6bbc,81
OYIH-BS,6bbc,783
YNCRC1,9aa9,3272
TCOMS,8146,1163
USP,3197,62
RC4,3197,129
GRN,3197,234
ERC,3197,125
E6,eff2,2756
YNCRC1,f060,3486
YNCRC1,4239,3156
E5,cee0,2054
OYIH-BS,cee0,57
YIH-BS,cee0,53
MUSM-BS,cee0,64
YNCRC3,cee0,1312
RH-BS,decb,131
YSTCM,decb,1186
VEN-BS,decb,646
AS4,decb,123
YNCRC2,821a,3290
E4,f2be,3080
YIH,85a4,203
YIHCTN,85a4,120
YIH-BS,85a4,81
E4A,85a4,40
CRECTN,330c,536
CREATE,330c,188
GRN,330c,53
GRS,330c,668
SFAH,a375,3458
VENT,8d7b,110
YNCRC2,8786,2708
UT-BS,0135,140
KV-BS,0135,385
UHALL-BS,0135,178
S12,0135,112
S13,0135,69
EA,0135,2675
MUSM-BS,0135,38
IT-BS,e360,2220
CLIB,e360,612
AS8-BS,e360,41
YNCRC1,a9c3,3591
S16,a748,251
UT-BS,a748,165
S14,a748,54
MUSM-BS,a748,1861
S16CTN,a748,534
S17,a748,64
S17-BS,a748,76
S16,e036,3563
S16,4fd9,3532
KV-BS,38c7,254
S5,6b28,2006
YNCWC,bfc6,1498
YNCEC,bfc6,1003
YNCRC3,bfc6,1088
KRT-BS,d80a,2133
YIH-BS,d80a,417
BIZ1,c9dd,3458
RC4,3c04,3597
I4,e499,422
BIZ2,e499,298
BIZ2-BS,e499,65
RC4,6aa9,397
AS8,93a3,2057
SFAH,90b6,3595
BIZ1,5b3b,3498
RC4,0771,466
ERC,0771,1320
BIZ1,3725,3036
YNCRC1,8118,3556
S14,a8a5,3414
SDE1,878c,80
SDE2,878c,581
YNCRC1,7c34,3242
SFAH,7f1e,3595
OHSSL-BS,ea6a,1739
GRS,5a72,3597
MD6,fa2b,3305
T-LAB,de42,3484
HSSML,be68,277
BIZ2-BS,be68,1314
BIZ1,6aa7,3500
CELS,bc8b,3500
BIZ2,c798,3425
E6,81c0,2845
YNCRC2,b8b3,462
YNCRC1,b8b3,78
ERC,b8b3,47
IT-BS,1712,66
E3,1712,1224
AS8-BS,1712,2270
E4,ddd4,3320
YNCRC1,81a7,1880
UTSRC,81a7,1705
UHALL-BS,c9f6,56
AS8-BS,c9f6,104
YIH-BS,c9f6,40
LT27-BS,c9f6,2941
BIZ2-BS,c9f6,47
OHSSL-BS,c9f6,155
OUHC-BS,c9f6,63
ARTSCTN,c9f6,173
PGP10,a289,3550
E4,6c1f,611
E3A,6c1f,183
EA,6c1f,2696
YNCRC2,bbc9,108
S13,848a,3286
UT-BS,0c84,150
VENT,0c84,75
AS8-BS,0c84,141
RH-BS,0c84,31
SDE4,0c84,128
MUSM-BS,0c84,77
CREATE,0c84,138
UTSRC,0c84,1855
KRT-BS,0c84,138
SDE2,0c84,509
HSSML,f577,3427
UHALL-BS,6caa,106
AS8,6caa,57
LT27-BS,6caa,2934
LT4,6caa,81
CLIB,6caa,266
YNCRC1,fe04,3352
HSSML,80bd,1106
T-LAB,5927,3494
YNCRC1,27e1,3332
YNCRC3,2f31,3464
CRECTN,4dec,188
CREATE,4dec,1937
ERC,4dec,708
UTSRC,4dec,275
YSTCM,9a36,3552
YNCRC1,be57,3427
UTSRC,122f,1309
ERC,122f,2286
CREATE,9c0b,181
UTSRC,9c0b,657
GRS,9c0b,1197
RH-BS,5181,446
YSTCM,e1f4,3506
UTSRC,5146,1625
RH-BS,9a8f,2588
SDE3,09dd,2086
UT-BS,41ae,613
CREATE,41ae,60
GRN,41ae,2821
GRS,41ae,60
E4,0b06,3420
E6,462c,2512
OYIH-BS,462c,526
USC,8db8,1246
YIH-BS,8db8,84
S14,8db8,476
AS8-BS,d148,1244
AS8,d148,1687
IT-BS,d148,64
CLIB,d148,90
AS1,d148,209
ARTSCTN,d148,236
UHC-BS,b0c8,306
FC,b0c8,2936
UHALL-BS,cb70,3530
VENT,c730,30
YNCRC2,af13,3571
AS1,859d,3160
MD6,83a2,419
MD1,83a2,2077
UH,28af,3530
YSTCM,30cd,2349
CREATE,30cd,46
UTSRC,30cd,72
UT-BS,30cd,518
MUSM-BS,9c1f,2685
T-LAB,9c1f,702
RH-BS,9c1f,69
E6,8ffb,3516
E4,7d82,3587
EA,caf6,3593
EW1,b957,3220
YNCRC1,d97a,3276
SFAH,9b58,3153
E4,c88d,3456
YNCRC1,5390,1702
E1A,e147,3003
SDE2,1241,1159
E4,a2d8,3346
MD6,fb5a,3498
SDE2,4d5e,3534
UT-BS,2595,174
GRS,7dc0,246
HSSML,a902,3440
BIZ2,a902,70
CELS,5c10,3548
MD6,b623,1119
S15,b623,168
S14,b623,2201
CRECTN,0a45,758
UHC-BS,0a45,121
YNCRC1,0a45,1526
S12,0a45,209
CREATE,0a45,432
UTSRC,0a45,225
OUHC-BS,0a45,267
YNCRC2,18f2,2861
MD3,7b58,2208
YNCRC1,d49f,1788
COM2-BS,6658,1297
KV-BS,0960,1564
KVA,0960,327
EA,c591,490
LT27,186b,2020
LT29,186b,207
ERC,4b52,3587
S8,6086,3552
MD6,59c1,3166
S16CTN,59c1,180
MD7,59c1,74
S16,59c1,76
YNCRC1,3a20,1232
S16,d411,187
UHC-BS,d411,58
UHALL-BS,d411,52
RH-BS,d411,63
MUSM-BS,d411,783
YSTCM,d411,1737
S16CTN,d411,110
S17-BS,d411,71
UCC,d411,57
IT-BS,0ed6,1203
IT,0ed6,2323
S17,ce69,3540
TBS,ef0c,1143
RC4,7553,3301
YNCEC,7553,19
ERC,7553,136
SDE2,234b,3180
UT-BS,b29c,341
CREATE,b29c,2297
BIZ1,b29c,364
YIH-BS,b29c,538
CLIB,f8ec,2600
UHALL-BS,f8ec,995
SFAH,d984,2430
UTSRC,32d2,2102
CRECTN,f693,104
CREATE,f693,181
GRS,f693,2921
E1A,4b9c,750
EA,4b9c,2598
USC,6728,382
OUHC-BS,6728,117
PGP-BS,6728,1847
LT27-BS,6728,204
KV-BS,1e17,2774
EA,1e17,496
RH-BS,71f9,94
S13,71f9,866
E3A,71f9,2521
MUSM-BS,71f9,104
RVRG,a6d6,59
UTSRC,a6d6,1647
UNK,7448,1153
RC4,41d3,3143
YNCRC1,57e5,3123
MD6,1124,3585
AS3,0d05,2812
AS1,0d05,759
KRT-BS,54eb,381
AS1,30e1,123
AS8,30e1,3421
RC4,9185,2503
MD1,0f6f,3494
IT-BS,4978,30
IT,4978,3490
ERC,9ba6,3429
IT,eaaa,3556
EA,5227,3049
S11,e97e,3446
CELS,50c1,911
YNCRC1,21e8,3536
RC4,29ab,1161
KV-BS,7558,3595
KRT-BS,91c5,2974
UT-BS,7eaf,120
VEN-BS,7eaf,178
AS8-BS,7eaf,57
EHALL,7eaf,242
MUSM-BS,7eaf,119
CREATE,7eaf,61
KRT-BS,7eaf,2818
YNCRC1,3e76,3520
YNCRC1,86d5,3532
YNCRC1,0684,3210
E3,195d,2917
MD1,2677,3583
MD6,8b89,2698
S16,c806,769
S16CTN,c806,1456
PGP-BS,c806,1350
MUSM-BS,ffd8,1987
USC,ffd8,1608
YNCRC2,5de1,3423
YNCRC2,bb02,2342
YNCRC3,bb02,1186
YNCRC2,1b50,3106
USC,207d,2911
SFAH,86e6,2802
LT13-BS,913d,552
VEN-BS,913d,109
AS8-BS,913d,47
ERC,913d,2103
IT-BS,913d,25
UTSRC,913d,759
YNCRC1,3dd4,3456
CLIB,d273,2359
USP,b154,2815
ERC,8351,3550
YNCRC1,4d55,3346
UH,439b,704
CLIB,0fa9,3336
UT-BS,27c2,3416
HSSML,7f10,99
BIZ2,7f10,238
E1,c211,22
YNCRC1,9847,1876
KV-BS,5901,2708
KV-BS,c3a2,640
E1,ee03,240
E1A,ee03,1741
E4,ee03,888
YNCEC,0f6a,3404
ERC,0f6a,100
YNCRC1,74c3,3176
IT-BS,812d,2928
IT,812d,495
CRECTN,2001,101
UT-BS,2001,3040
CREATE,2001,62
UTSRC,2001,380
UT-BS,f13e,181
LT18,f13e,780
CREATE,f13e,66
UTSRC,f13e,100
BIZ1,f13e,420
CNM,f13e,2018
ONUSS-BS,6fb3,1373
AS8-BS,6fb3,270
UH,e36b,3587
YNCRC1,fa2f,3420
E5,20f0,2665
AS4,3185,3365
E4,9125,3510
BIZ1,a653,1673
S5,36bd,236
S9,36bd,386
VENT,4c7a,68
E5,4c7a,119
VEN-BS,4c7a,119
AS8-BS,4c7a,180
E3,4c7a,414
KRT-BS,4c7a,2630
OYIH-BS,d306,121
UHC-BS,d306,174
IT-BS,d306,0
LT4,d306,59
OUHC-BS,d306,33
I4,bbaf,2529
SSLS,bbaf,571
HSSML,a707,252
YNCRC1,b40a,2993
YSTCM,46bc,3195
MD6,9996,1494
MD11,9996,2056
UTSRC,60b2,18
GRS,60b2,2692
YNCRC1,b917,3307
CREATE,c9fa,2889
YSTCM,d75e,3102
AS5,8824,3581
CRECTN,244a,1673
PGP20,244a,1054
PGP-BS,244a,209
VENT,53e0,53
RVRG,138c,3567
S16CTN,4e86,1558
LT27,4e86,10
HSSML,4c65,1876
T-LAB,e1bf,3164
ERC,4f78,3595
E3,6ca2,3538
ERC,7dee,3530
S17,1b27,3389
UH,e1fc,3262
YNCRC2,5cb5,3490
CLIBANNEX,726b,181
TMSI,726b,114
KR11,726b,97
CPT,726b,2279
HSSML,4118,33
E5,4118,123
LT13-BS,4118,89
E3,4118,1369
AS8-BS,4118,56
IT-BS,4118,54
OHSSL-BS,4118,1739
E4,4118,126
YNCRC2,9a0d,3350
YNCRC2,ef52,3208
S17,a277,1343
USC,c88c,3591
E1,32b9,2883
EW2,eb88,3522
T-LAB,ff33,3242
OHSSL-BS,9ac7,28
BIZ2-BS,9ac7,1321
AS8-BS,9ac7,57
CLIB,c4f3,2216
CNLIB,c4f3,1379
HMK,57c8,1847
E5,0af4,64
UHALL-BS,0af4,2867
AS8-BS,0af4,52
EW1,0af4,238
IT-BS,0af4,90
IT,0af4,119
E1,0af4,67
OUHC-BS,0af4,42
E4,0af4,56
MD11,cf18,431
KV-BS,310d,1054
KVA,310d,1997
BIZ2,2fc7,3240
YNCRC3,ad46,3427
CRECTN,784a,61
ERC,784a,119
YNCWC,784a,131
UTSRC,784a,202
YNCRC3,784a,2482
KRT-BS,bf3e,3478
EA,c312,3587
HSSML,1307,109
BIZ2,1307,58
AS8-BS,1307,132
BIZ1,1307,556
LT4,1307,2580
ARTSCTN,df83,3520
CRECTN,04db,1872
UT-BS,04db,601
S12,04db,338
UT-BS,db52,212
KV-BS,db52,807
GRS,db52,113
ERC,db52,1904
MUSM-BS,db52,515
CREATE,db52,34
CLIB,6c41,930
S15,d5ad,3110
OUHC-BS,d5ad,158
S13,54f8,169
ERC,54f8,146
RC4,54f8,59
CREATE,54f8,73
UTSRC,54f8,162
S10CTN,54f8,2249
S10,54f8,731
HSSML,576e,2640
MD1,e96f,3585
EW2,7aa9,3186
UHC-BS,d52a,2871
YIH-BS,d52a,59
TBS,1c31,1977
RC4,7da0,3238
YNCRC1,9a92,3375
ERC,cc37,1928
KV-BS,0d43,2176
AS8-BS,0d43,101
EW1,0d43,101
AS1,0d43,1099
SDE2,0d43,63
BIZ1,320f,3425
S5,4249,2155
S9,4249,411
S16,9332,3567
VENT,2ae9,1510
S14,69ec,3387
CRECTN,24a3,388
CREATE,24a3,168
GRS,24a3,2936
S5,fbf3,1215
S9,fbf3,920
YNCRC2,56fb,2147
YNCRC1,56fb,67
ERC,56fb,1357
THALL,4b3e,2993
YNCRC1,1d09,1546
YNCRC2,1d09,860
ERC,1d09,368
RC4,1d09,178
YNCEC,1d09,61
YNCRC3,1d09,387
E4A,14c3,3536
GRN,e557,1737
ERC,e557,185
RC4,e82d,1203
EA,d5df,3044
S17-BS,0d23,2767
S8,4a67,3102
CRECTN,6fe0,2234
CREATE,6fe0,105
GRS,6fe0,12
CREATE,461b,88
GRS,461b,3438
YNCRC2,f4d0,515
YNCRC3,f4d0,953
MD1,f5cb,1398
IT,3938,3186
CNM,54c2,3595
YNCRC3,5ce2,1293
PGPCTN,df1f,2692
PGP-BS,df1f,236
KV-BS,d4db,2710
YNCRC2,c129,3514
S16CTN,5139,2394
LT27,5139,743
YNCRC1,79fa,3508
TCOMS,f9ff,440
E4A,8925,1066
EW2,8925,2507
IT,0327,913
LT13-BS,f532,145
VEN-BS,f532,62
AS8-BS,f532,92
ONUSS-BS,f532,2850
IT-BS,f532,75
LT4,f532,108
E4,f532,164
EHALL,cb77,1710
T-LAB,1aea,3579
MD1,d28f,3514
YNCRC1,ea36,486
UTSRC,caf4,3540
S5,ac5c,3540
USC,4637,898
YNCRC1,d3af,3452
SDE1,df8d,2094
SDE2,dee4,18
VEN-BS,8f5f,519
EHALL,8f5f,2572
IT-BS,8f5f,55
MUSM-BS,8f5f,276
KRT-BS,8f5f,147
ERC,a075,3546
AS4,6bd5,3088
CRECTN,341a,290
GRN,341a,63
CREATE,341a,122
ERC,341a,3053
AS2,293f,3490
CREATE,4f52,765
UTSRC,4f52,1425
E1,2b47,3585
MD6,c611,3595
E3A,469f,3299
UTSRC,5992,3597
S8,a6fb,3500
YNCRC1,cc9b,3218
UTSRC,36fb,661
ERC,36fb,2914
MUSM-BS,d9f5,180
UT-BS,d9f5,163
UHC-BS,d9f5,193
S17-BS,d9f5,32
YNCRC1,e04c,2675
T-LAB,af46,3452
YSTCM,4b20,3516
PGP-BS,1a58,2729
MUSM-BS,fbde,120
E1A,fbde,337
EW1,fbde,1808
UT-BS,8969,147
E3,8969,191
GRS,8969,1800
RH-BS,8969,110
MUSM-BS,8969,212
CREATE,8969,61
E4,8969,873
E3A,5d5a,56
EA,5d5a,3408
MD3,d751,2043
MD2,d751,1215
RH-BS,5339,2831
SDE2,edb4,3538
E4,f4b5,90
E4A,f4b5,3412
YNCRC1,2390,3514
E5,90c1,326
PGP6,1ae7,2696
PGP-BS,1ae7,37
MD1,20ea,2121
S16,e497,282
BIZ1,1fe9,3442
BIZ1,fd73,3141
E1A,e4c8,2704
E5,b859,3094
MD6,98e8,1696
UHALL-BS,98e8,1304
MD3,98e8,141
LT27-BS,98e8,246
ERC,f62d,3022
YNCRC2,5fcb,1153
YNCRC1,5fcb,120
ERC,5fcb,683
ERC,5d33,3516
E4,3bf7,3299
KRT-BS,a403,186
VENT,a403,2902
BIZ1,2443,2739
UTSRC,efb9,2622
GRS,efb9,137
UHC-BS,9b22,3522
S14,9b22,71
UT-BS,f362,108
CREATE,f362,1380
ERC,cead,3057
MD6,eeda,865
UHC-BS,eeda,2383
S16CTN,d917,3193
RVRG,d076,61
GRN,d076,1582
UTSRC,d076,360
ERC,d076,105
YIH,c875,3385
E6,98a2,1482
BIZ1,328f,3540
MD4,c210,3464
YNCEC,0287,2887
YNCRC2,f9d5,3069
S16,88f3,3532
UT-BS,1b4d,427
EW2,1b4d,3017
UHC-BS,5f4a,275
YIH-BS,5f4a,86
IT-BS,5f4a,97
LT4,5f4a,124
CLIB,5f4a,1524
OUHC-BS,5f4a,306
RH-BS,861f,1419
CREATE,861f,412
EA,861f,1748
S16,1f00,3435
PGP18,c828,3280
SFAH,c828,274
IT,7dce,1186
RC4,a0f5,3520
KRT-BS,03a6,1512
CREATE,17e7,3550
MD6,af58,492
YNCRC2,443a,3542
YNCRC1,397c,3589
UH,cd8c,2083
UTSRC,ee92,2307
E6,9707,137
E4,9707,2866
E4A,9707,122
E2A,9707,460
YNCRC2,41ad,3316
E1,5926,3147
RC4,8972,2923
ERC,8972,670
YNCRC1,26fb,2216
